crab_year,fishery,sex,total_catch_n,total_catch_wt,retained_n,retained_wt,discard_n,discard_wt,discard_mortality_n,discard_mortality_wt,total_mortality_n,total_mortality_wt,target_stock
1989,QO90,1,0,0,128859645,73326.05205676,-128859645,-73326.05205676,-0,-0,128859645,73326.05205676,BSSC
1990,QO91,1,384767787.0693241,184618.73648258974,265124637,149072.180273048,119643150.06932408,35546.55620954174,35892945.02079722,10663.966862862522,301017582.02079725,159736.14713591052,BSSC
1990,QO91,2,17391805.72270364,1522.6596586394285,0,0,17391805.72270364,1522.6596586394285,5217541.716811092,456.79789759182853,5217541.716811092,456.79789759182853,BSSC
1990,QP90,1,10505.6,3.9713872093778053,0,0,10505.6,3.9713872093778053,3151.68,1.1914161628133415,3151.68,1.1914161628133415,SMBKC_PIBKC
1990,QP90,2,0,0,0,0,0,0,0,0,0,0,SMBKC_PIBKC
1990,TR90,1,5630.592857142858,2.882288904294676,0,0,5630.592857142858,2.882288904294676,1689.1778571428572,0.8646866712884028,1689.1778571428572,0.8646866712884028,BBRKC
1990,TR90,2,0,0,0,0,0,0,0,0,0,0,BBRKC
1991,QB92,1,424.88888888888886,0.3076855965277723,0,0,424.88888888888886,0.3076855965277723,127.46666666666665,0.09230567895833168,127.46666666666665,0.09230567895833168,PIGKC
1991,QB92,2,0,0,0,0,0,0,0,0,0,0,PIGKC
1991,QO92,1,271344175.70559216,152046.27583906948,227376582,143018.480206128,43967593.705592155,9027.795632941474,13190278.111677647,2708.338689882442,240566860.11167765,145726.81889601046,BSSC
1991,QO92,2,1711678.6644736843,199.9245884170773,0,0,1711678.6644736843,199.9245884170773,513503.59934210527,59.97737652512319,513503.59934210527,59.97737652512319,BSSC
1991,QP91,1,6530.304,4.041190700919056,0,0,6530.304,4.041190700919056,1959.0911999999998,1.212357210275717,1959.0911999999998,1.212357210275717,SMBKC_PIBKC
1991,QP91,2,0,0,0,0,0,0,0,0,0,0,SMBKC_PIBKC
1991,QT91,1,16281608.238636365,9879.285833520004,0,0,16281608.238636365,9879.285833520004,4884482.471590909,2963.785750056001,4884482.471590909,2963.785750056001,WBT
1991,QT91,2,75595.17045454546,8.925584185058574,0,0,75595.17045454546,8.925584185058574,22678.551136363636,2.677675255517572,22678.551136363636,2.677675255517572,WBT
1991,TR91,1,13385.588235294119,7.93152960363876,0,0,13385.588235294119,7.93152960363876,4015.6764705882356,2.3794588810916277,4015.6764705882356,2.3794588810916277,BBRKC
1991,TR91,2,0,0,0,0,0,0,0,0,0,0,BBRKC
1991,TT91,1,2241792,1450.0450704609993,0,0,2241792,1450.0450704609993,672537.6,435.0135211382998,672537.6,435.0135211382998,EBT
1991,TT91,2,39312,8.079289329954129,0,0,39312,8.079289329954129,11793.6,2.4237867989862387,11793.6,2.4237867989862387,EBT
1992,QB92,1,0,0,0,0,0,0,0,0,0,0,PIGKC
1992,QB92,2,0,0,0,0,0,0,0,0,0,0,PIGKC
1992,QO93,1,230633849.38053867,125851.67571489312,169531168,104668.23413884,61102681.38053867,21183.441576053126,18330804.4141616,6355.032472815938,187861972.4141616,111023.26661165593,BSSC
1992,QO93,2,2464704.381407472,278.2956224213992,0,0,2464704.381407472,278.2956224213992,739411.3144222415,83.48868672641974,739411.3144222415,83.48868672641974,BSSC
1992,QP92,1,29511.408450704224,11.98466277966506,0,0,29511.408450704224,11.98466277966506,8853.422535211266,3.5953988338995178,8853.422535211266,3.5953988338995178,SMBKC_PIBKC
1992,QP92,2,0,0,0,0,0,0,0,0,0,0,SMBKC_PIBKC
1992,QT92,1,4240650.849056604,2258.770648434094,0,0,4240650.849056604,2258.770648434094,1272195.2547169812,677.6311945302281,1272195.2547169812,677.6311945302281,WBT
1992,QT92,2,55032.54716981132,6.842209046362288,0,0,55032.54716981132,6.842209046362288,16509.764150943396,2.052662713908686,16509.764150943396,2.052662713908686,WBT
1992,TR92,1,12881.211072664359,11.43594374058492,0,0,12881.211072664359,11.43594374058492,3864.3633217993074,3.430783122175476,3864.3633217993074,3.430783122175476,BBRKC
1992,TR92,2,0,0,0,0,0,0,0,0,0,0,BBRKC
1992,TT92,1,1927167.8676470588,1265.3955573149726,0,0,1927167.8676470588,1265.3955573149726,578150.3602941176,379.61866719449176,578150.3602941176,379.61866719449176,EBT
1992,TT92,2,56754.7818627451,12.57389239496625,0,0,56754.7818627451,12.57389239496625,17026.43455882353,3.772167718489875,17026.43455882353,3.772167718489875,EBT
1993,QO94,1,177178551.58531666,90214.93689543761,114810186,67944.778543056,62368365.58531666,22270.158352381608,18710509.675594997,6681.047505714482,133520695.675595,74625.82604877048,BSSC
1993,QO94,2,1153548.722872126,115.55903111038312,0,0,1153548.722872126,115.55903111038312,346064.61686163774,34.667709333114935,346064.61686163774,34.667709333114935,BSSC
1993,QP93,1,136843,41.00378169921906,0,0,136843,41.00378169921906,41052.9,12.301134509765719,41052.9,12.301134509765719,SMBKC_PIBKC
1993,QP93,2,3490.892857142857,0.2501577474054399,0,0,3490.892857142857,0.2501577474054399,1047.267857142857,0.07504732422163196,1047.267857142857,0.07504732422163196,SMBKC_PIBKC
1993,QR93,1,471166.94545454544,258.88349044650454,0,0,471166.94545454544,258.88349044650454,141350.08363636362,77.66504713395136,141350.08363636362,77.66504713395136,PIRKC
1993,QR93,2,0,0,0,0,0,0,0,0,0,0,PIRKC
1993,QT93,1,1031142.857142857,473.8953546945094,0,0,1031142.857142857,473.8953546945094,309342.8571428571,142.16860640835282,309342.8571428571,142.16860640835282,WBT
1993,QT93,2,15037.5,1.5438612472517224,0,0,15037.5,1.5438612472517224,4511.25,0.4631583741755167,4511.25,0.4631583741755167,WBT
1993,TR93,1,18235.770609318995,11.479189154296163,0,0,18235.770609318995,11.479189154296163,5470.731182795698,3.443756746288849,5470.731182795698,3.443756746288849,BBRKC
1993,TR93,2,1823.5770609318997,0.5068358045465869,0,0,1823.5770609318997,0.5068358045465869,547.0731182795699,0.1520507413639761,547.0731182795699,0.1520507413639761,BBRKC
1993,TT93,1,196091.58482142855,129.0413058764751,0,0,196091.58482142855,129.0413058764751,58827.475446428565,38.712391762942524,58827.475446428565,38.712391762942524,EBT
1993,TT93,2,959.6651785714286,0.19223937129531032,0,0,959.6651785714286,0.19223937129531032,287.89955357142856,0.05767181138859309,287.89955357142856,0.05767181138859309,EBT
1994,QO95,1,99468291.39999999,41941.709145615394,60591399,34159.644749704,38876892.39999999,7782.064395911395,11663067.719999997,2334.6193187734184,72254466.72,36494.264068477416,BSSC
1994,QO95,2,676472.2333333333,78.1261884907289,0,0,676472.2333333333,78.1261884907289,202941.66999999998,23.43785654721867,202941.66999999998,23.43785654721867,BSSC
1994,QP94,1,3297.832512315271,1.253488250185643,0,0,3297.832512315271,1.253488250185643,989.3497536945812,0.3760464750556929,989.3497536945812,0.3760464750556929,SMBKC_PIBKC
1994,QP94,2,0,0,0,0,0,0,0,0,0,0,SMBKC_PIBKC
1994,QT94,1,99316,60.50024606738685,0,0,99316,60.50024606738685,29794.8,18.150073820216054,29794.8,18.150073820216054,WBT
1994,QT94,2,0,0,0,0,0,0,0,0,0,0,WBT
1994,TT94,1,48316.540145985404,30.721563876672903,0,0,48316.540145985404,30.721563876672903,14494.96204379562,9.21646916300187,14494.96204379562,9.21646916300187,EBT
1994,TT94,2,0,0,0,0,0,0,0,0,0,0,EBT
1995,QO96,1,104169869.64131996,44529.88228986118,52892320,29799.258503416,51277549.64131996,14730.623786445183,15383264.892395988,4419.187135933555,68275584.89239599,34218.44563934956,BSSC
1995,QO96,2,210291.00071736012,21.310661702215018,0,0,210291.00071736012,21.310661702215018,63087.30021520803,6.393198510664505,63087.30021520803,6.393198510664505,BSSC
1995,QP95,1,4132.765957446808,1.0902267073795824,0,0,4132.765957446808,1.0902267073795824,1239.8297872340424,0.3270680122138747,1239.8297872340424,0.3270680122138747,SMBKC_PIBKC
1995,QP95,2,0,0,0,0,0,0,0,0,0,0,SMBKC_PIBKC
1995,QR95,1,4299447.970588235,1158.0971719691665,0,0,4299447.970588235,1158.0971719691665,1289834.3911764706,347.42915159074994,1289834.3911764706,347.42915159074994,PIRKC
1995,QR95,2,158300.73529411765,15.466141738353354,0,0,158300.73529411765,15.466141738353354,47490.220588235294,4.639842521506006,47490.220588235294,4.639842521506006,PIRKC
1995,QT95,1,1238773.3333333335,365.18374251472557,0,0,1238773.3333333335,365.18374251472557,371632.00000000006,109.55512275441767,371632.00000000006,109.55512275441767,WBT
1995,QT95,2,195345.02564102566,16.207983197136663,0,0,195345.02564102566,16.207983197136663,58603.50769230769,4.862394959140999,58603.50769230769,4.862394959140999,WBT
1995,TT95,1,549386.2094240838,200.2820886848003,0,0,549386.2094240838,200.2820886848003,164815.86282722515,60.084626605440086,164815.86282722515,60.084626605440086,EBT
1995,TT95,2,105752.87958115184,14.400202336717806,0,0,105752.87958115184,14.400202336717806,31725.86387434555,4.320060701015342,31725.86387434555,4.320060701015342,EBT
1996,QO97,1,173376916.5493364,77469.4568025384,100003933,54239.421420376,73372983.5493364,23230.03538216241,22011895.06480092,6969.010614648722,122015828.06480092,61208.43203502472,BSSC
1996,QO97,2,1047876.0069244086,100.57366994535293,0,0,1047876.0069244086,100.57366994535293,314362.80207732256,30.17210098360588,314362.80207732256,30.17210098360588,BSSC
1996,QP96,1,3804696.3541666665,720.3799301123908,0,0,3804696.3541666665,720.3799301123908,1141408.90625,216.11397903371721,1141408.90625,216.11397903371721,SMBKC_PIBKC
1996,QP96,2,9488.020833333334,0.6589296975377053,0,0,9488.020833333334,0.6589296975377053,2846.40625,0.19767890926131157,2846.40625,0.19767890926131157,SMBKC_PIBKC
1996,QT96,1,909266.4411764706,475.1398203878286,0,0,909266.4411764706,475.1398203878286,272779.9323529412,142.54194611634858,272779.9323529412,142.54194611634858,WBT
1996,QT96,2,0,0,0,0,0,0,0,0,0,0,WBT
1996,TR96,1,917.6309523809523,0.18476109053494666,0,0,917.6309523809523,0.18476109053494666,275.28928571428565,0.055428327160483994,275.28928571428565,0.055428327160483994,BBRKC
1996,TR96,2,0,0,0,0,0,0,0,0,0,0,BBRKC
1996,TT96,1,1783298.16,1018.5507245313229,0,0,1783298.16,1018.5507245313229,534989.448,305.56521735939685,534989.448,305.56521735939685,EBT
1996,TT96,2,649.89,0.0600436757889476,0,0,649.89,0.0600436757889476,194.96699999999998,0.01801310273668428,194.96699999999998,0.01801310273668428,EBT
1997,QO98,1,236730571.02259153,117542.42304170353,186631669,110439.909297432,50098902.02259153,7102.513744271535,15029670.60677746,2130.7541232814606,201661339.60677746,112570.66342071345,BSSC
1997,QO98,2,1200049.911711244,99.01387021615062,0,0,1200049.911711244,99.01387021615062,360014.9735133732,29.704161064845184,360014.9735133732,29.704161064845184,BSSC
1997,QP97,1,427541.4812030075,122.53536878033343,0,0,427541.4812030075,122.53536878033343,128262.44436090224,36.760610634100026,128262.44436090224,36.760610634100026,SMBKC_PIBKC
1997,QP97,2,1219.8045112781954,0.08901458680886329,0,0,1219.8045112781954,0.08901458680886329,365.9413533834586,0.026704376042658986,365.9413533834586,0.026704376042658986,SMBKC_PIBKC
1997,TR97,1,16588.327814569537,5.644834968141506,0,0,16588.327814569537,5.644834968141506,4976.498344370861,1.6934504904424517,4976.498344370861,1.6934504904424517,BBRKC
1997,TR97,2,301.60596026490066,0.06417443764523026,0,0,301.60596026490066,0.06417443764523026,90.48178807947019,0.019252331293569076,90.48178807947019,0.019252331293569076,BBRKC
1998,QO99,1,173089493.84679177,87103.25215907926,151166452,88151.462997856,21923041.846791774,-1048.2108387767366,6576912.554037532,-0,157743364.55403754,88151.462997856,BSSC
1998,QO99,2,88321.28415539066,7.60041904324053,0,0,88321.28415539066,7.60041904324053,26496.3852466172,2.280125712972159,26496.3852466172,2.280125712972159,BSSC
1998,QP98,1,1179215.4671052631,531.0283165007237,0,0,1179215.4671052631,531.0283165007237,353764.64013157896,159.3084949502171,353764.64013157896,159.3084949502171,SMBKC_PIBKC
1998,QP98,2,6561.138157894738,0.7562691716387696,0,0,6561.138157894738,0.7562691716387696,1968.341447368421,0.22688075149163087,1968.341447368421,0.22688075149163087,SMBKC_PIBKC
1998,TR98,1,14273.584459459458,5.979187879856795,0,0,14273.584459459458,5.979187879856795,4282.075337837838,1.7937563639570384,4282.075337837838,1.7937563639570384,BBRKC
1998,TR98,2,0,0,0,0,0,0,0,0,0,0,BBRKC
1999,QO00,1,34439088.382653065,19230.60713425868,25081681,15100.687307648,9357407.382653065,4129.91982661068,2807222.2147959196,1238.975947983204,27888903.21479592,16339.663255631205,BSSC
1999,QO00,2,70817.26530612244,8.020505596095491,0,0,70817.26530612244,8.020505596095491,21245.17959183673,2.4061516788286474,21245.17959183673,2.4061516788286474,BSSC
1999,TR99,1,61719.18367346939,27.320555671738997,0,0,61719.18367346939,27.320555671738997,18515.755102040817,8.1961667015217,18515.755102040817,8.1961667015217,BBRKC
1999,TR99,2,342.8843537414966,0.09298623588915449,0,0,342.8843537414966,0.09298623588915449,102.86530612244898,0.027895870766746347,102.86530612244898,0.027895870766746347,BBRKC
2000,QB01,1,41.01110288675056,0.020834289660351946,0,0,41.01110288675056,0.020834289660351946,12.303330866025167,0.006250286898105584,12.303330866025167,0.006250286898105584,PIGKC
2000,QB01,2,0,0,0,0,0,0,0,0,0,0,PIGKC
2000,QO01,1,27290690.274983235,14709.49249658234,18612605,11456.093731328,8678085.274983235,3253.39876525434,2603425.5824949704,976.019629576302,21216030.58249497,12432.1133609043,BSSC
2000,QO01,2,7694.164989939638,0.9188424689129557,0,0,7694.164989939638,0.9188424689129557,2308.2494969818913,0.27565274067388673,2308.2494969818913,0.27565274067388673,BSSC
2000,TR00,1,125982.42325158947,76.0632195115268,0,0,125982.42325158947,76.0632195115268,37794.72697547684,22.81896585345804,37794.72697547684,22.81896585345804,BBRKC
2000,TR00,2,94.51044504995458,0.024913355522341307,0,0,94.51044504995458,0.024913355522341307,28.353133514986375,0.007474006656702392,28.353133514986375,0.007474006656702392,BBRKC
2001,QB02,1,21.059840425531913,0.01396227848255286,0,0,21.059840425531913,0.01396227848255286,6.317952127659574,0.004188683544765858,6.317952127659574,0.004188683544765858,PIGKC
2001,QB02,2,7.019946808510638,8.922297167564541e-4,0,0,7.019946808510638,8.922297167564541e-4,2.1059840425531915,2.676689150269362e-4,2.1059840425531915,2.676689150269362e-4,PIGKC
2001,QO02,1,38810748.26086956,18783.50304554182,25149121,14798.61591902368,13661627.260869563,3984.8871265181406,4098488.1782608684,1195.466137955442,29247609.17826087,15994.082056979121,BSSC
2001,QO02,2,222317.2811594203,15.991369401094392,0,0,222317.2811594203,15.991369401094392,66695.18434782609,4.7974108203283174,66695.18434782609,4.7974108203283174,BSSC
2001,TB02,1,0,0,0,0,0,0,0,0,0,0,BBGKC
2001,TB02,2,0,0,0,0,0,0,0,0,0,0,BBGKC
2001,TR01,1,16432.445454545454,10.382785227562074,0,0,16432.445454545454,10.382785227562074,4929.733636363636,3.114835568268622,4929.733636363636,3.114835568268622,BBRKC
2001,TR01,2,507.17424242424244,0.14750963698392972,0,0,507.17424242424244,0.14750963698392972,152.15227272727273,0.044252891095178916,152.15227272727273,0.044252891095178916,BBRKC
2002,QB03,1,4.812816188870151,5.817363446140434e-4,0,0,4.812816188870151,5.817363446140434e-4,1.4438448566610453,1.74520903384213e-4,1.4438448566610453,1.74520903384213e-4,PIGKC
2002,QB03,2,0,0,0,0,0,0,0,0,0,0,PIGKC
2002,QO03,1,39716917.29652605,17342.836682398327,23248722,12842.016871808,16468195.296526052,4500.819810590327,4940458.588957815,1350.2459431770978,28189180.588957816,14192.262814985099,BSSC
2002,QO03,2,20234.952853598013,1.83588446377711,0,0,20234.952853598013,1.83588446377711,6070.485856079404,0.550765339133133,6070.485856079404,0.550765339133133,BSSC
2002,TR02,1,20732.322493224932,11.559079797605436,0,0,20732.322493224932,11.559079797605436,6219.6967479674795,3.467723939281631,6219.6967479674795,3.467723939281631,BBRKC
2002,TR02,2,0,0,0,0,0,0,0,0,0,0,BBRKC
2003,QB04,1,0,0,0,0,0,0,0,0,0,0,PIGKC
2003,QB04,2,0,0,0,0,0,0,0,0,0,0,PIGKC
2003,QO04,1,19998050.275968038,10696.290035086256,18669591,10860.068853816,1328459.2759680375,-163.77881872974285,398537.78279041126,-0,19068128.78279041,10860.068853816,BSSC
2003,QO04,2,6843.153042409343,0.8213887610532582,0,0,6843.153042409343,0.8213887610532582,2052.945912722803,0.24641662831597744,2052.945912722803,0.24641662831597744,BSSC
2003,TB04,1,0,0,0,0,0,0,0,0,0,0,BBGKC
2003,TB04,2,0,0,0,0,0,0,0,0,0,0,BBGKC
2003,TR03,1,22507.955445544554,10.553659669483755,0,0,22507.955445544554,10.553659669483755,6752.386633663366,3.1660979008451267,6752.386633663366,3.1660979008451267,BBRKC
2003,TR03,2,133.18316831683168,0.032184933918028236,0,0,133.18316831683168,0.032184933918028236,39.9549504950495,0.00965548017540847,39.9549504950495,0.00965548017540847,BBRKC
2004,QB05,1,0,0,0,0,0,0,0,0,0,0,PIGKC
2004,QB05,2,0,0,0,0,0,0,0,0,0,0,PIGKC
2004,QO05o,1,26189057.05651491,14875.757752492964,17985745,11290.870123776,8203312.056514911,3584.887628716964,2460993.6169544733,1075.4662886150893,20446738.616954472,12366.336412391089,BSSC
2004,QO05o,2,14736.067503924647,1.4784297972461042,0,0,14736.067503924647,1.4784297972461042,4420.820251177394,0.44352893917383124,4420.820251177394,0.44352893917383124,BSSC
2004,TR04,1,32540.333333333336,10.742645749805588,0,0,32540.333333333336,10.742645749805588,9762.1,3.2227937249416763,9762.1,3.2227937249416763,BBRKC
2004,TR04,2,0,0,0,0,0,0,0,0,0,0,BBRKC
2005,QO05r,1,29866961.67247387,17393.759409382845,24520279,16748.196047344,5346682.67247387,645.5633620388435,1604004.801742161,193.66900861165303,26124283.801742163,16941.865055955655,BSSC
2005,QO05r,2,38761.469221835076,3.5337222058186635,0,0,38761.469221835076,3.5337222058186635,11628.440766550522,1.060116661745599,11628.440766550522,1.060116661745599,BSSC
2005,QT05,1,118352.90000000001,67.9053029998252,31707,22.864665536,86645.90000000001,45.04063746382519,25993.77,13.512191239147556,57700.770000000004,36.37685677514756,WBT
2005,QT05,2,634.6,0.11074216766201554,0,0,634.6,0.11074216766201554,190.38,0.03322265029860466,190.38,0.03322265029860466,WBT
2005,TR05,1,16234.678167115902,8.57227864474577,0,0,16234.678167115902,8.57227864474577,4870.4034501347705,2.571683593423731,4870.4034501347705,2.571683593423731,BBRKC
2005,TR05,2,247.85768194070084,0.06540683227103314,0,0,247.85768194070084,0.06540683227103314,74.35730458221025,0.01962204968130994,74.35730458221025,0.01962204968130994,BBRKC
2006,QO06,1,43345458.67620751,20665.176479245918,29536398,16439.983458488,13809060.676207513,4225.193020757917,4142718.2028622534,1267.557906227375,33679116.202862255,17707.541364715376,BSSC
2006,QO06,2,10578.654740608228,1.2494551931376852,0,0,10578.654740608228,1.2494551931376852,3173.5964221824684,0.37483655794130555,3173.5964221824684,0.37483655794130555,BSSC
2006,QT06,1,28895.985815602835,15.059679363205289,84287,50.64808272,-55391.014184397165,-35.58840335679471,-0,-0,84287,50.64808272,WBT
2006,QT06,2,0,0,0,0,0,0,0,0,0,0,WBT
2006,TR06,1,10777.864048338368,5.771806203278456,0,0,10777.864048338368,5.771806203278456,3233.3592145015105,1.7315418609835367,3233.3592145015105,1.7315418609835367,BBRKC
2006,TR06,2,54.16012084592145,0.01293374393047768,0,0,54.16012084592145,0.01293374393047768,16.248036253776434,0.003880123179143304,16.248036253776434,0.003880123179143304,BBRKC
2006,TT06,1,127638.64285714284,68.16335085634414,0,0,127638.64285714284,68.16335085634414,38291.59285714285,20.44900525690324,38291.59285714285,20.44900525690324,EBT
2006,TT06,2,54.54642857142857,0.00933610526059592,0,0,54.54642857142857,0.00933610526059592,16.36392857142857,0.0028008315781787763,16.36392857142857,0.0028008315781787763,EBT
2007,QO07,1,69437781.35470827,34357.25407090581,50307812,28577.341075968,19129969.35470827,5779.9129949378075,5738990.806412481,1733.9738984813423,56046802.80641248,30311.314974449342,BSSC
2007,QO07,2,153795.3379549393,18.36823108742498,0,0,153795.3379549393,18.36823108742498,46138.601386481794,5.510469326227494,46138.601386481794,5.510469326227494,BSSC
2007,QT07,1,156156.15533980582,87.22782689387438,19779,11.671829344,136377.15533980582,75.55599754987438,40913.14660194174,22.66679926496231,60692.14660194174,34.33862860896231,WBT
2007,QT07,2,0,0,0,0,0,0,0,0,0,0,WBT
2007,TR07,1,21738.918645780697,11.84897139149611,0,0,21738.918645780697,11.84897139149611,6521.675593734209,3.5546914174488333,6521.675593734209,3.5546914174488333,BBRKC
2007,TR07,2,57.20768064679131,0.018282895843290858,0,0,57.20768064679131,0.018282895843290858,17.162304194037393,0.005484868752987257,17.162304194037393,0.005484868752987257,BBRKC
2007,TT07,1,532137.9521345408,278.32562728521003,0,0,532137.9521345408,278.32562728521003,159641.38564036222,83.497688185563,159641.38564036222,83.497688185563,EBT
2007,TT07,2,342.0569210866753,0.05269199202714369,0,0,342.0569210866753,0.05269199202714369,102.61707632600259,0.015807597608143105,102.61707632600259,0.015807597608143105,EBT
2008,QO08,1,61920812.74954737,31670.77317716941,45945092,26556.835923608,15975720.74954737,5113.937253561409,4792716.224864211,1534.1811760684227,50737808.224864215,28091.01709967642,BSSC
2008,QO08,2,150311.91973445987,17.3897965858076,0,0,150311.91973445987,17.3897965858076,45093.57592033796,5.21693897574228,45093.57592033796,5.21693897574228,BSSC
2008,QT08,1,17231.79220779221,9.58589397433103,0,0,17231.79220779221,9.58589397433103,5169.537662337662,2.8757681922993092,5169.537662337662,2.8757681922993092,WBT
2008,QT08,2,0,0,0,0,0,0,0,0,0,0,WBT
2008,TR08,1,14175.633261105091,7.459491417312189,0,0,14175.633261105091,7.459491417312189,4252.6899783315275,2.2378474251936566,4252.6899783315275,2.2378474251936566,BBRKC
2008,TR08,2,151.61105092091006,0.04620836277377638,0,0,151.61105092091006,0.04620836277377638,45.48331527627302,0.013862508832132914,45.48331527627302,0.013862508832132914,BBRKC
2008,TT08,1,42733.339373970346,21.153649889665203,0,0,42733.339373970346,21.153649889665203,12820.001812191103,6.346094966899561,12820.001812191103,6.346094966899561,EBT
2008,TT08,2,0,0,0,0,0,0,0,0,0,0,EBT
2009,QB10,1,0,0,0,0,0,0,0,0,0,0,PIGKC
2009,QB10,2,0,0,0,0,0,0,0,0,0,0,PIGKC
2009,QO09,1,46676606.02312842,26063.528272657422,35289022,21778.806657688,11387584.02312842,4284.721614969421,3416275.206938526,1285.4164844908264,38705297.20693853,23064.223142178827,BSSC
2009,QO09,2,107627.56908094948,12.41238203814763,0,0,107627.56908094948,12.41238203814763,32288.270724284845,3.7237146114442887,32288.270724284845,3.7237146114442887,BSSC
2009,QP09,1,15904.75,5.5886901577345,0,0,15904.75,5.5886901577345,4771.425,1.6766070473203498,4771.425,1.6766070473203498,SMBKC_PIBKC
2009,QP09,2,1494.1153846153848,0.11409510160719347,0,0,1494.1153846153848,0.11409510160719347,448.23461538461544,0.034228530482158036,448.23461538461544,0.034228530482158036,SMBKC_PIBKC
2009,TR09,1,20509.935530780418,11.258804826060056,0,0,20509.935530780418,11.258804826060056,6152.980659234126,3.3776414478180166,6152.980659234126,3.3776414478180166,BBRKC
2009,TR09,2,0,0,0,0,0,0,0,0,0,0,BBRKC
2009,TT09,1,7234.774011299434,3.718133742326152,0,0,7234.774011299434,3.718133742326152,2170.43220338983,1.1154401226978456,2170.43220338983,1.1154401226978456,EBT
2009,TT09,2,0,0,0,0,0,0,0,0,0,0,EBT
2010,QB10,1,561.8461538461538,0.37070904089441864,0,0,561.8461538461538,0.37070904089441864,168.55384615384614,0.11121271226832559,168.55384615384614,0.11121271226832559,PIGKC
2010,QB10,2,0,0,0,0,0,0,0,0,0,0,PIGKC
2010,QB11,1,0,0,0,0,0,0,0,0,0,0,PIGKC
2010,QB11,2,0,0,0,0,0,0,0,0,0,0,PIGKC
2010,QO10,1,46976392.58664175,29087.114897289903,37758496,24613.3534144,9217896.586641751,4473.761482889902,2765368.9759925255,1342.1284448669705,40523864.97599252,25955.481859266973,BSSC
2010,QO10,2,98571.23680523121,10.049640461493688,0,0,98571.23680523121,10.049640461493688,29571.37104156936,3.0148921384481064,29571.37104156936,3.0148921384481064,BSSC
2010,QP10,1,15431.843607778237,6.0283589308225105,0,0,15431.843607778237,6.0283589308225105,4629.553082333471,1.8085076792467532,4629.553082333471,1.8085076792467532,SMBKC_PIBKC
2010,QP10,2,1299.1402565163426,0.07976492829021109,0,0,1299.1402565163426,0.07976492829021109,389.74207695490276,0.023929478487063328,389.74207695490276,0.023929478487063328,SMBKC_PIBKC
2010,TR10,1,8496.557671957671,4.660167186785915,0,0,8496.557671957671,4.660167186785915,2548.9673015873013,1.3980501560357745,2548.9673015873013,1.3980501560357745,BBRKC
2010,TR10,2,0,0,0,0,0,0,0,0,0,0,BBRKC
2011,QB12,1,0,0,0,0,0,0,0,0,0,0,PIGKC
2011,QB12,2,0,0,0,0,0,0,0,0,0,0,PIGKC
2011,QO11,1,71810430.38764548,44018.09983555299,60555105,40292.873101984,11255325.387645483,3725.2267335689903,3376597.616293645,1117.568020070697,63931702.61629365,41410.4411220547,BSSC
2011,QO11,2,2610449.284691137,190.93600043184617,0,0,2610449.284691137,190.93600043184617,783134.785407341,57.280800129553846,783134.785407341,57.280800129553846,BSSC
2011,QP11,1,38594.5757665972,16.892710999873294,0,0,38594.5757665972,16.892710999873294,11578.372729979159,5.067813299961988,11578.372729979159,5.067813299961988,SMBKC_PIBKC
2011,QP11,2,1488.8544209586187,0.09417705050399562,0,0,1488.8544209586187,0.09417705050399562,446.6563262875856,0.028253115151198684,446.6563262875856,0.028253115151198684,SMBKC_PIBKC
2011,TR11,1,6126.492086330935,3.8796042213643895,0,0,6126.492086330935,3.8796042213643895,1837.9476258992806,1.1638812664093168,1837.9476258992806,1.1638812664093168,BBRKC
2011,TR11,2,0,0,0,0,0,0,0,0,0,0,BBRKC
2012,QB13,1,0,0,0,0,0,0,0,0,0,0,PIGKC
2012,QB13,2,0,0,0,0,0,0,0,0,0,0,PIGKC
2012,QO12,1,64446055.82713044,35581.090160614876,47455883,30052.523864576,16990172.827130437,5528.566296038876,5097051.8481391305,1658.5698888116628,52552934.84813913,31711.093753387664,BSSC
2012,QO12,2,475739.4344347826,57.13780518790336,0,0,475739.4344347826,57.13780518790336,142721.83033043478,17.141341556371007,142721.83033043478,17.141341556371007,BSSC
2012,QP12,1,23283.08450704225,5.95723957174439,0,0,23283.08450704225,5.95723957174439,6984.925352112675,1.787171871523317,6984.925352112675,1.787171871523317,SMBKC_PIBKC
2012,QP12,2,2623.262323943662,0.1652137627924663,0,0,2623.262323943662,0.1652137627924663,786.9786971830986,0.04956412883773989,786.9786971830986,0.04956412883773989,SMBKC_PIBKC
2012,TR12,1,12204.940366972478,8.112240410256819,0,0,12204.940366972478,8.112240410256819,3661.4821100917434,2.4336721230770455,3661.4821100917434,2.4336721230770455,BBRKC
2012,TR12,2,0,0,0,0,0,0,0,0,0,0,BBRKC
2013,QB14,1,0,0,0,0,0,0,0,0,0,0,PIGKC
2013,QB14,2,0,0,0,0,0,0,0,0,0,0,PIGKC
2013,QO13,1,73711574.38181135,35100.793890371075,41923152,24484.022541808,31788422.38181135,10616.771348563074,9536526.714543404,3185.031404568922,51459678.7145434,27669.053946376924,BSSC
2013,QO13,2,964041.8282600526,115.65382091319852,0,0,964041.8282600526,115.65382091319852,289212.54847801576,34.696146273959556,289212.54847801576,34.696146273959556,BSSC
2013,QT13,1,487138.10355987056,275.0129817127409,3390,2.364121504,483748.10355987056,272.64886020874087,145124.43106796115,81.79465806262226,148514.43106796115,84.15877956662226,WBT
2013,QT13,2,14702.957928802589,1.9785911591392071,0,0,14702.957928802589,1.9785911591392071,4410.887378640777,0.5935773477417621,4410.887378640777,0.5935773477417621,WBT
2013,TR13,1,876.493487698987,0.5570725784341901,0,0,876.493487698987,0.5570725784341901,262.9480463096961,0.16712177353025703,262.9480463096961,0.16712177353025703,BBRKC
2013,TR13,2,0,0,0,0,0,0,0,0,0,0,BBRKC
2013,TT13,1,6025.539622641509,4.139007384709065,0,0,6025.539622641509,4.139007384709065,1807.6618867924526,1.2417022154127195,1807.6618867924526,1.2417022154127195,EBT
2013,TT13,2,0,0,0,0,0,0,0,0,0,0,EBT
2014,QO14,1,89235743.28896992,42436.50393470558,55027927,30816.701646776,34207816.28896992,11619.802287929579,10262344.886690976,3485.9406863788736,65290271.886690974,34302.64233315487,BSSC
2014,QO14,2,2496486.4525979944,298.9418044090401,0,0,2496486.4525979944,298.9418044090401,748945.9357793983,89.68254132271203,748945.9357793983,89.68254132271203,BSSC
2014,QP14,1,5876.00782122905,1.3250865994969074,0,0,5876.00782122905,1.3250865994969074,1762.802346368715,0.39752597984907223,1762.802346368715,0.39752597984907223,SMBKC_PIBKC
2014,QP14,2,317.0100558659218,0.02208467207627632,0,0,317.0100558659218,0.02208467207627632,95.10301675977654,0.006625401622882897,95.10301675977654,0.006625401622882897,SMBKC_PIBKC
2014,QT14,1,3121220.989702517,1781.6755387796613,1891,1.058683728,3119329.989702517,1780.6168550516613,935798.9969107552,534.1850565154983,937689.9969107552,535.2437402434983,WBT
2014,QT14,2,37884.42791762014,5.381431462118371,0,0,37884.42791762014,5.381431462118371,11365.32837528604,1.6144294386355114,11365.32837528604,1.6144294386355114,WBT
2014,TR14,1,926.9032258064516,0.8044256420788328,0,0,926.9032258064516,0.8044256420788328,278.0709677419355,0.24132769262364984,278.0709677419355,0.24132769262364984,BBRKC
2014,TR14,2,0,0,0,0,0,0,0,0,0,0,BBRKC
2014,TT14,1,61041.246531483455,44.83113969474366,0,0,61041.246531483455,44.83113969474366,18312.373959445034,13.449341908423099,18312.373959445034,13.449341908423099,EBT
2014,TT14,2,0,0,0,0,0,0,0,0,0,0,EBT
2015,QO15,1,57205738.387931034,29323.05156286196,29603375,18413.344526328,27602363.387931034,10909.70703653396,8280709.01637931,3272.912110960188,37884084.01637931,21686.25663728819,BSSC
2015,QO15,2,1020268.3728448275,114.99730995694813,0,0,1020268.3728448275,114.99730995694813,306080.51185344823,34.499192987084434,306080.51185344823,34.499192987084434,BSSC
2015,QP15,1,1293.615751789976,0.30861296729846166,0,0,1293.615751789976,0.30861296729846166,388.0847255369928,0.0925838901895385,388.0847255369928,0.0925838901895385,SMBKC_PIBKC
2015,QP15,2,13.066825775656325,5.731522084372862e-4,0,0,13.066825775656325,5.731522084372862e-4,3.920047732696897,1.7194566253118585e-4,3.920047732696897,1.7194566253118585e-4,SMBKC_PIBKC
2015,QT15,1,5053226.564189188,3201.0840360752336,11154,7.682487704,5042072.564189188,3193.4015483712337,1512621.7692567564,958.02046451137,1523775.7692567564,965.70295221537,WBT
2015,QT15,2,168526.9662162162,19.821963329347685,0,0,168526.9662162162,19.821963329347685,50558.089864864865,5.946588998804305,50558.089864864865,5.946588998804305,WBT
2015,TR15,1,2148.149779735683,1.1374129364664645,0,0,2148.149779735683,1.1374129364664645,644.4449339207048,0.34122388093993933,644.4449339207048,0.34122388093993933,BBRKC
2015,TR15,2,0,0,0,0,0,0,0,0,0,0,BBRKC
2015,TT15,1,2593981.6657458562,1870.2394486408411,0,0,2593981.6657458562,1870.2394486408411,778194.4997237568,561.0718345922523,778194.4997237568,561.0718345922523,EBT
2015,TT15,2,25826.43232044199,3.8417426865330517,0,0,25826.43232044199,3.8417426865330517,7747.929696132596,1.1525228059599155,7747.929696132596,1.1525228059599155,EBT
2016,QB17,1,0,0,0,0,0,0,0,0,0,0,PIGKC
2016,QB17,2,0,0,0,0,0,0,0,0,0,0,PIGKC
2016,QO16,1,27802571.152221415,14299.322070851626,16412386,9784.39447668,11390185.152221415,4514.927594171626,3417055.5456664246,1354.4782782514878,19829441.545666426,11138.872754931488,BSSC
2016,QO16,2,280008.1310997815,33.232091350243635,0,0,280008.1310997815,33.232091350243635,84002.43932993444,9.96962740507309,84002.43932993444,9.96962740507309,BSSC
2016,TR16,1,4377.200883002207,3.0923054372625995,0,0,4377.200883002207,3.0923054372625995,1313.160264900662,0.9276916311787798,1313.160264900662,0.9276916311787798,BBRKC
2016,TR16,2,0,0,0,0,0,0,0,0,0,0,BBRKC
2017,QB18,1,0,0,0,0,0,0,0,0,0,0,PIGKC
2017,QB18,2,0,0,0,0,0,0,0,0,0,0,PIGKC
2017,QO17,1,32881090.066911086,14484.008824581826,15637993,8567.496498304,17243097.066911086,5916.512326277825,5172929.120073326,1774.9536978833476,20810922.120073326,10342.450196187348,BSSC
2017,QO17,2,269076.8835930339,28.01130381155864,0,0,269076.8835930339,28.01130381155864,80723.06507791016,8.403391143467593,80723.06507791016,8.403391143467593,BSSC
2017,QT17,1,594687.987804878,234.57543682722144,57014,34.183146712,537673.987804878,200.39229011522144,161302.1963414634,60.11768703456643,218316.1963414634,94.30083374656644,WBT
2017,QT17,2,13345.939024390244,1.4343266665146097,0,0,13345.939024390244,1.4343266665146097,4003.7817073170727,0.4302979999543829,4003.7817073170727,0.4302979999543829,WBT
2017,TR17,1,8002.916861826699,5.792232973160711,0,0,8002.916861826699,5.792232973160711,2400.8750585480093,1.7376698919482134,2400.8750585480093,1.7376698919482134,BBRKC
2017,TR17,2,0,0,0,0,0,0,0,0,0,0,BBRKC
2017,TT17,1,22,0.016464452774072637,0,0,22,0.016464452774072637,6.6,0.004939335832221791,6.6,0.004939335832221791,EBT
2017,TT17,2,0,0,0,0,0,0,0,0,0,0,EBT
2018,QB19,1,209.2776699029126,0.060451860304030755,0,0,209.2776699029126,0.060451860304030755,62.78330097087378,0.018135558091209227,62.78330097087378,0.018135558091209227,PIGKC
2018,QB19,2,0,0,0,0,0,0,0,0,0,0,PIGKC
2018,QO18,1,50928343.75344452,21134.310871364334,22408836,12474.58739376,28519507.753444523,8659.723477604333,8555852.326033356,2597.9170432813,30964688.326033354,15072.504437041302,BSSC
2018,QO18,2,285496.5772298767,22.189315756792837,0,0,285496.5772298767,22.189315756792837,85648.97316896301,6.656794727037851,85648.97316896301,6.656794727037851,BSSC
2018,QT18,1,1701239.007259528,729.7304579913248,62048,34.683458688,1639191.007259528,695.0469993033248,491757.30217785836,208.51409979099745,553805.3021778583,243.19755847899745,WBT
2018,QT18,2,20141.33575317604,1.9218129617333033,0,0,20141.33575317604,1.9218129617333033,6042.4007259528125,0.5765438885199909,6042.4007259528125,0.5765438885199909,WBT
2018,TR18,1,2103.6184210526317,1.7460343792097912,0,0,2103.6184210526317,1.7460343792097912,631.0855263157895,0.5238103137629373,631.0855263157895,0.5238103137629373,BBRKC
2018,TR18,2,60.10338345864661,0.010918861806842024,0,0,60.10338345864661,0.010918861806842024,18.03101503759398,0.003275658542052607,18.03101503759398,0.003275658542052607,BBRKC
2019,QB20,1,0,0,0,0,0,0,0,0,0,0,PIGKC
2019,QB20,2,0,0,0,0,0,0,0,0,0,0,PIGKC
2019,QO19,1,78032000.37065342,31041.031714532226,28626114,15433.265044376,49405886.37065342,15607.766670156227,14821765.911196025,4682.330001046867,43447879.91119602,20115.595045422866,BSSC
2019,QO19,2,239789.6515093619,21.413291588658176,0,0,239789.6515093619,21.413291588658176,71936.89545280856,6.4239874765974525,71936.89545280856,6.4239874765974525,BSSC
2019,SB19,1,0,0,0,0,0,0,0,0,0,0,NA
2019,SB19,2,0,0,0,0,0,0,0,0,0,0,NA
2019,TR19,1,3194.3393124065774,1.4349502165584767,0,0,3194.3393124065774,1.4349502165584767,958.3017937219731,0.43048506496754296,958.3017937219731,0.43048506496754296,BBRKC
2019,TR19,2,0,0,0,0,0,0,0,0,0,0,BBRKC
2020,QO20,1,60142915.58246073,26528.46542400941,37492237,20412.17977448,22650678.58246073,6116.285649529411,6795203.574738219,1834.8856948588232,44287440.57473822,22247.06546933882,BSSC
2020,QO20,2,10898.407068062828,0.7816299385785943,0,0,10898.407068062828,0.7816299385785943,3269.5221204188483,0.23448898157357828,3269.5221204188483,0.23448898157357828,BSSC
2020,QT20,1,1028302.5655526993,483.8794072164663,0,0,1028302.5655526993,483.8794072164663,308490.76966580976,145.1638221649399,308490.76966580976,145.1638221649399,WBT
2020,QT20,2,628.2724935732648,0.11776728625579268,0,0,628.2724935732648,0.11776728625579268,188.48174807197944,0.0353301858767378,188.48174807197944,0.0353301858767378,WBT
2020,TR20,1,5772.817610062893,2.7527470492751402,0,0,5772.817610062893,2.7527470492751402,1731.845283018868,0.825824114782542,1731.845283018868,0.825824114782542,BBRKC
2020,TR20,2,0,0,0,0,0,0,0,0,0,0,BBRKC
2021,QB21,1,1946.3366666666668,0.6688805607881029,0,0,1946.3366666666668,0.6688805607881029,583.9010000000001,0.20066416823643085,583.9010000000001,0.20066416823643085,PIGKC
2021,QB21,2,0,0,0,0,0,0,0,0,0,0,PIGKC
2021,QB22,1,0,0,0,0,0,0,0,0,0,0,PIGKC
2021,QB22,2,0,0,0,0,0,0,0,0,0,0,PIGKC
2021,QO21,1,8647320.721649485,4193.319141776708,4575974,2505.291127792,4071346.7216494847,1688.0280139847082,1221404.0164948453,506.40840419541246,5797378.016494845,3011.6995319874127,BSSC
2021,QO21,2,950.4639175257731,0.041938127064789436,0,0,950.4639175257731,0.041938127064789436,285.13917525773195,0.01258143811943683,285.13917525773195,0.01258143811943683,BSSC
2021,QT21,1,487438.3188405797,241.16359756894752,18974,11.345243104,468464.3188405797,229.81835446494753,140539.2956521739,68.94550633948425,159513.2956521739,80.29074944348426,WBT
2021,QT21,2,2464.6280193236717,0.3970970633421247,0,0,2464.6280193236717,0.3970970633421247,739.3884057971014,0.1191291190026374,739.3884057971014,0.1191291190026374,WBT
2021,TR21,1,29.400000000000002,0.014687968604537839,0,0,29.400000000000002,0.014687968604537839,8.82,0.004406390581361352,8.82,0.004406390581361352,BBRKC
2021,TR21,2,0,0,0,0,0,0,0,0,0,0,BBRKC
2022,QB23,1,0,0,0,0,0,0,0,0,0,0,PIGKC
2022,QB23,2,0,0,0,0,0,0,0,0,0,0,PIGKC
2022,QO22,1,0,0,2,9.07184e-4,-2,-9.07184e-4,-0,-0,2,9.07184e-4,BSSC
2022,QT22,1,108356.40186915887,52.02747703620934,10,0.005443104,108346.40186915887,52.02203393220934,32503.92056074766,15.606610179662802,32513.92056074766,15.612053283662801,WBT
2022,QT22,2,127.07943925233644,0.016683307440193078,0,0,127.07943925233644,0.016683307440193078,38.12383177570093,0.005004992232057923,38.12383177570093,0.005004992232057923,WBT
2022,TB23,1,0,0,0,0,0,0,0,0,0,0,BBGKC
2022,TB23,2,0,0,0,0,0,0,0,0,0,0,BBGKC
2022,TR22,1,20.166666666666664,0.008430702528448523,0,0,20.166666666666664,0.008430702528448523,6.049999999999999,0.002529210758534557,6.049999999999999,0.002529210758534557,BBRKC
2022,TR22,2,0,0,0,0,0,0,0,0,0,0,BBRKC
2022,TT22,1,53093.46397694524,24.125488826385872,0,0,53093.46397694524,24.125488826385872,15928.039193083572,7.237646647915762,15928.039193083572,7.237646647915762,EBT
2022,TT22,2,0,0,0,0,0,0,0,0,0,0,EBT
2023,QT23,1,76488.67621145376,40.24952235640776,0,0,76488.67621145376,40.24952235640776,22946.602863436125,12.074856706922327,22946.602863436125,12.074856706922327,WBT
2023,QT23,2,0,0,0,0,0,0,0,0,0,0,WBT
2023,TR23,1,651.6539792387543,0.2608555367568419,0,0,651.6539792387543,0.2608555367568419,195.4961937716263,0.07825666102705257,195.4961937716263,0.07825666102705257,BBRKC
2023,TR23,2,0,0,0,0,0,0,0,0,0,0,BBRKC
2023,TT23,1,5615.137724550898,2.581101125750824,0,0,5615.137724550898,2.581101125750824,1684.5413173652694,0.7743303377252472,1684.5413173652694,0.7743303377252472,EBT
2023,TT23,2,0,0,0,0,0,0,0,0,0,0,EBT
2024,QO24,1,5055242.777777778,2808.685860151551,3435307,2120.662348288,1619935.777777778,688.023511863551,485980.7333333334,206.4070535590653,3921287.7333333334,2327.0694018470654,BSSC
2024,QO24,2,401.66666666666663,0.019634890860283395,0,0,401.66666666666663,0.019634890860283395,120.49999999999999,0.0058904672580850186,120.49999999999999,0.0058904672580850186,BSSC
2024,QT24,1,305668.51197263395,185.36878297005845,39407,24.610541144,266261.51197263395,160.75824182605845,79878.45359179018,48.227472547817534,119285.45359179018,72.83801369181754,WBT
2024,QT24,2,2248.8027366020524,0.4631805642942514,0,0,2248.8027366020524,0.4631805642942514,674.6408209806157,0.13895416928827542,674.6408209806157,0.13895416928827542,WBT
2024,TR24,1,293.0955414012739,0.15795733428168787,0,0,293.0955414012739,0.15795733428168787,87.92866242038217,0.04738720028450636,87.92866242038217,0.04738720028450636,BBRKC
2024,TR24,2,0,0,0,0,0,0,0,0,0,0,BBRKC
2024,TT24,1,14594.076252723311,6.8086878220756475,0,0,14594.076252723311,6.8086878220756475,4378.222875816993,2.0426063466226942,4378.222875816993,2.0426063466226942,EBT
2024,TT24,2,0,0,0,0,0,0,0,0,0,0,EBT
