crab_year,fishery,group,count,obs_effort,ft_effort,cpue,avg_wt,total_catch_n,total_catch_wt,target_stock
1990,QO91,female,29026,2308,1382908,12.576256499133448,8.755040637624624e-5,17391805.72270364,1522.6596586394285,BSSC
1990,QO91,sublegal_male,12497,2308,1382908,5.414644714038128,2.1319513783642384e-4,7487955.49220104,1596.3957032728076,BSSC
1990,QO91,legal_male,629660,2308,1382908,272.8162911611785,4.851103225270173e-4,377279831.57712305,183022.34077931693,BSSC
1990,QP90,female,0,10,26264,0,7.068729797710487e-5,0,0,SMBKC_PIBKC
1990,QP90,sublegal_male,1,10,26264,0.1,2.8290690534405144e-4,2626.4,0.7430266961956167,SMBKC_PIBKC
1990,QP90,legal_male,3,10,26264,0.3,4.097320176137411e-4,7879.2,3.2283605131821886,SMBKC_PIBKC
1990,TR90,female,0,140,262761,0,2.606128456723377e-4,0,0,BBRKC
1990,TR90,sublegal_male,0,140,262761,0,2.540044799270552e-4,0,0,BBRKC
1990,TR90,legal_male,3,140,262761,0.02142857142857143,5.118979435066526e-4,5630.592857142858,2.882288904294676,BBRKC
1991,QB92,female,0,9,478,0,1.2709921329813478e-4,0,0,PIGKC
1991,QB92,sublegal_male,0,9,478,0,1.5394862405409404e-4,0,0,PIGKC
1991,QB92,legal_male,8,9,478,0.8888888888888888,7.241554311584599e-4,424.88888888888886,0.3076855965277723,PIGKC
1991,QO92,female,1628,1216,1278502,1.3388157894736843,1.1680030403285487e-4,1711678.6644736843,199.9245884170773,BSSC
1991,QO92,sublegal_male,1663,1216,1278502,1.3675986842105263,1.8968681288943168e-4,1748477.6529605263,331.663153398476,BSSC
1991,QO92,legal_male,256416,1216,1278502,210.8684210526316,5.627486409521737e-4,269595698.0526316,151714.61268567102,BSSC
1991,QP91,female,0,125,37104,0,7.068729797710487e-5,0,0,SMBKC_PIBKC
1991,QP91,sublegal_male,14,125,37104,0.112,4.212174574423679e-4,4155.648,1.7504314845854612,SMBKC_PIBKC
1991,QP91,legal_male,8,125,37104,0.064,9.646699211732541e-4,2374.656,2.290759216333595,SMBKC_PIBKC
1991,QT91,female,95,176,140050,0.5397727272727273,1.1807082557509979e-4,75595.17045454546,8.925584185058574,WBT
1991,QT91,sublegal_male,109,176,140050,0.6193181818181818,2.6716507140821797e-4,86735.51136363635,23.17269908709421,WBT
1991,QT91,legal_male,20352,176,140050,115.63636363636364,6.085946645221159e-4,16194872.727272728,9856.11313443291,WBT
1991,TR91,female,0,272,227555,0,2.606128456723377e-4,0,0,BBRKC
1991,TR91,sublegal_male,4,272,227555,0.014705882352941176,4.337462911909267e-4,3346.3970588235293,1.4514873131169312,BBRKC
1991,TR91,legal_male,12,272,227555,0.04411764705882353,6.454745383980199e-4,10039.19117647059,6.480042290521828,BBRKC
1991,TT91,female,39,358,360864,0.10893854748603352,2.0551712784783603e-4,39312,8.079289329954129,EBT
1991,TT91,sublegal_male,185,358,360864,0.5167597765363129,4.1510023594993646e-4,186480,77.40789199994416,EBT
1991,TT91,legal_male,2039,358,360864,5.695530726256983,6.678485692007127e-4,2055312,1372.637178461055,EBT
1992,QB92,female,0,6,320,0,1.2709921329813478e-4,0,0,PIGKC
1992,QB92,sublegal_male,0,6,320,0,1.5394862405409404e-4,0,0,PIGKC
1992,QB92,legal_male,0,6,320,0,5.388000200824766e-4,0,0,PIGKC
1992,QO93,female,2927,1151,969209,2.5430060816681146,1.1291237380057652e-4,2464704.381407472,278.2956224213992,BSSC
1992,QO93,sublegal_male,2597,1151,969209,2.2562988705473503,1.7639214549833898e-4,2186825.172024327,385.7387839231452,BSSC
1992,QO93,legal_male,271296,1151,969209,235.70460469157254,5.49212393401331e-4,228447024.20851433,125465.93693096997,BSSC
1992,QP92,female,0,71,56630,0,7.068729797710487e-5,0,0,SMBKC_PIBKC
1992,QP92,sublegal_male,0,71,56630,0,1.99015090591588e-4,0,0,SMBKC_PIBKC
1992,QP92,legal_male,37,71,56630,0.5211267605633803,4.0610270430447963e-4,29511.408450704224,11.98466277966506,SMBKC_PIBKC
1992,QT92,female,70,212,166670,0.330188679245283,1.2433022635222768e-4,55032.54716981132,6.842209046362288,WBT
1992,QT92,sublegal_male,230,212,166670,1.0849056603773586,2.1790244377617476e-4,180821.22641509437,39.40138712245407,WBT
1992,QT92,legal_male,5164,212,166670,24.358490566037737,5.46665615949572e-4,4059829.62264151,2219.3692613116395,WBT
1992,TR92,female,0,289,206815,0,2.606128456723377e-4,0,0,BBRKC
1992,TR92,sublegal_male,0,289,206815,0,7.933706634555405e-4,0,0,BBRKC
1992,TR92,legal_male,18,289,206815,0.06228373702422145,8.878003532488891e-4,12881.211072664359,11.43594374058492,BBRKC
1992,TT92,female,91,816,508922,0.11151960784313726,2.2154771778305413e-4,56754.7818627451,12.57389239496625,EBT
1992,TT92,sublegal_male,183,816,508922,0.22426470588235295,3.26934606495069e-4,114133.24264705883,37.3141067728224,EBT
1992,TT92,legal_male,2907,816,508922,3.5625,6.773623810643716e-4,1813034.625,1228.0814505421502,EBT
1993,QO94,female,3991,2479,716524,1.609923356192013,1.0017698326834623e-4,1153548.722872126,115.55903111038312,BSSC
1993,QO94,sublegal_male,16000,2479,716524,6.45421540943929,1.7478633205022398e-4,4624600.242033078,808.3169135035398,BSSC
1993,QO94,legal_male,596995,2479,716524,240.82089552238807,5.181371929528642e-4,172553951.3432836,89406.61998193407,BSSC
1993,QP93,female,5,84,58647,0.05952380952380952,7.166010463299726e-5,3490.892857142857,0.2501577474054399,SMBKC_PIBKC
1993,QP93,sublegal_male,60,84,58647,0.7142857142857143,1.1658836050605298e-4,41890.71428571429,4.883969698998921,SMBKC_PIBKC
1993,QP93,legal_male,136,84,58647,1.619047619047619,3.8039960521756943e-4,94952.28571428571,36.11981200022014,SMBKC_PIBKC
1993,QR93,female,0,55,35942,0,9.770101010344495e-5,0,0,PIRKC
1993,QR93,sublegal_male,7,55,35942,0.12727272727272726,3.1548139708739497e-4,4574.436363636363,1.4431495748873826,PIRKC
1993,QR93,legal_male,714,55,35942,12.981818181818182,5.517455506801941e-4,466592.5090909091,257.44034087161714,PIRKC
1993,QT93,female,42,112,40100,0.375,1.0266741461358087e-4,15037.5,1.5438612472517224,WBT
1993,QT93,sublegal_male,88,112,40100,0.7857142857142857,1.6693178014242757e-4,31507.142857142855,5.2595434443446285,WBT
1993,QT93,legal_male,2792,112,40100,24.928571428571427,4.6880659079395407e-4,999635.7142857142,468.6358112501648,WBT
1993,TR93,female,4,558,254389,0.007168458781362007,2.779349529038161e-4,1823.5770609318997,0.5068358045465869,BBRKC
1993,TR93,sublegal_male,6,558,254389,0.010752688172043012,5.780203719785243e-4,2735.3655913978496,1.5810970366370412,BBRKC
1993,TR93,legal_male,34,558,254389,0.06093189964157706,6.385699022841802e-4,15500.405017921146,9.898092117659122,BBRKC
1993,TT93,female,3,896,286620,0.0033482142857142855,2.0031921089549236e-4,959.6651785714286,0.19223937129531032,EBT
1993,TT93,sublegal_male,17,896,286620,0.018973214285714284,1.6074202775594144e-4,5438.102678571428,0.8741316516985881,EBT
1993,TT93,legal_male,596,896,286620,0.6651785714285714,6.722519451742325e-4,190653.48214285713,128.16717422477652,EBT
1994,QO95,female,2039,1530,507603,1.3326797385620914,1.1549060647435624e-4,676472.2333333333,78.1261884907289,BSSC
1994,QO95,sublegal_male,35420,1530,507603,23.15032679738562,1.6531361229608506e-4,11751175.333333334,1942.629243077985,BSSC
1994,QO95,legal_male,264394,1530,507603,172.8065359477124,4.560008547492299e-4,87717116.06666666,39999.07990253741,BSSC
1994,QP94,female,0,203,60860,0,7.068729797710487e-5,0,0,SMBKC_PIBKC
1994,QP94,sublegal_male,1,203,60860,0.0049261083743842365,4.704537493359728e-4,299.8029556650246,0.14104342455461727,SMBKC_PIBKC
1994,QP94,legal_male,10,203,60860,0.04926108374384237,3.7105865856572166e-4,2998.0295566502464,1.1124448256310258,SMBKC_PIBKC
1994,QT94,female,0,6,21282,0,1.3467779578500504e-4,0,0,WBT
1994,QT94,sublegal_male,3,6,21282,0.5,1.8132150875930817e-4,10641,1.929442174707798,WBT
1994,QT94,legal_male,25,6,21282,4.166666666666667,6.605108981412918e-4,88675,58.57080389267905,WBT
1994,TT94,female,0,411,228254,0,2.7905000449540793e-4,0,0,EBT
1994,TT94,sublegal_male,24,411,228254,0.058394160583941604,2.1751957338613233e-4,13328.700729927006,2.899253296565153,EBT
1994,TT94,legal_male,63,411,228254,0.15328467153284672,7.951994477069116e-4,34987.8394160584,27.82231058010775,EBT
1995,QO96,female,563,1394,520685,0.40387374461979914,1.0133891431168487e-4,210291.00071736012,21.310661702215018,BSSC
1995,QO96,sublegal_male,14873,1394,520685,10.669296987087519,1.6605878438868824e-4,5555342.901721665,922.5134891222276,BSSC
1995,QO96,legal_male,264015,1394,520685,189.39383070301292,4.4220025428797784e-4,98614526.73959829,43607.36880073896,BSSC
1995,QP95,female,0,47,48560,0,7.068729797710487e-5,0,0,SMBKC_PIBKC
1995,QP95,sublegal_male,1,47,48560,0.02127659574468085,1.6443520837506882e-4,1033.191489361702,0.16989305784453917,SMBKC_PIBKC
1995,QP95,legal_male,3,47,48560,0.06382978723404255,2.9692258050622623e-4,3099.574468085106,0.9203336495350433,SMBKC_PIBKC
1995,QR95,female,75,34,71763,2.2058823529411766,9.770101010344495e-5,158300.73529411765,15.466141738353354,PIRKC
1995,QR95,sublegal_male,802,34,71763,23.58823529411765,1.5107829449669316e-4,1692762.5294117648,255.73967593143783,PIRKC
1995,QR95,legal_male,1235,34,71763,36.3235294117647,3.461704591523208e-4,2606685.4411764704,902.3574960377287,PIRKC
1995,QT95,female,164,39,46454,4.205128205128205,8.297105669289548e-5,195345.02564102566,16.207983197136663,WBT
1995,QT95,sublegal_male,259,39,46454,6.641025641025641,1.6083985224642002e-4,308502.2051282051,49.619449090515275,WBT
1995,QT95,legal_male,781,39,46454,20.025641025641026,3.3921755051461426e-4,930271.1282051282,315.5642934242103,WBT
1995,TT95,female,200,382,201988,0.5235602094240838,1.361684182383657e-4,105752.87958115184,14.400202336717806,EBT
1995,TT95,sublegal_male,306,382,201988,0.8010471204188482,1.94958268913914e-4,161801.9057591623,31.544619453778534,EBT
1995,TT95,legal_male,733,382,201988,1.918848167539267,4.3535681820825356e-4,387584.3036649215,168.73746923102178,EBT
1996,QO97,female,2408,1733,754140,1.3894979803808425,9.597859792643205e-5,1047876.0069244086,100.57366994535293,BSSC
1996,QO97,sublegal_male,8381,1733,754140,4.836122331217542,1.6651182454771604e-4,3647113.294864397,607.287489060103,BSSC
1996,QO97,legal_male,390036,1733,754140,225.06405077899595,4.5285016443600423e-4,169729803.25447202,76862.1693134783,BSSC
1996,QP96,female,10,96,91085,0.10416666666666667,6.944859303246385e-5,9488.020833333334,0.6589296975377053,SMBKC_PIBKC
1996,QP96,sublegal_male,2702,96,91085,28.145833333333332,1.5477194655021955e-4,2563663.2291666665,396.7831482773466,SMBKC_PIBKC
1996,QP96,legal_male,1308,96,91085,13.625,2.6074790053250526e-4,1241033.125,323.59678183504417,SMBKC_PIBKC
1996,QT96,female,0,34,8533,0,1.3467779578500504e-4,0,0,WBT
1996,QT96,sublegal_male,51,34,8533,1.5,1.5196301186494706e-4,12799.5,1.94505057036539,WBT
1996,QT96,legal_male,3572,34,8533,105.05882352941177,5.278440822329379e-4,896466.9411764706,473.1947698174632,WBT
1996,TR96,female,0,84,77081,0,2.606128456723377e-4,0,0,BBRKC
1996,TR96,sublegal_male,1,84,77081,0.011904761904761904,2.0134574804342862e-4,917.6309523809523,0.18476109053494666,BBRKC
1996,TR96,legal_male,0,84,77081,0,5.850813068482548e-4,0,0,BBRKC
1996,TT96,female,1,100,64989,0.01,9.239052114811368e-5,649.89,0.0600436757889476,EBT
1996,TT96,sublegal_male,161,100,64989,1.61,1.492875042350107e-4,104632.29000000001,15.620293436493867,EBT
1996,TT96,legal_male,2583,100,64989,25.83,5.974568548860942e-4,1678665.8699999999,1002.930431094829,EBT
1997,QO98,female,4965,3851,930794,1.2892755128538043,8.250812674529436e-5,1200049.911711244,99.01387021615062,BSSC
1997,QO98,sublegal_male,13846,3851,930794,3.5954297585042845,1.6342747087668062e-4,3346604.446637237,546.9271007385769,BSSC
1997,QO98,legal_male,965586,3851,930794,250.7364320955596,5.013004863077817e-4,233383966.5759543,116995.49594096495,BSSC
1997,QP97,female,2,133,81117,0.015037593984962405,7.297446925785482e-5,1219.8045112781954,0.08901458680886329,SMBKC_PIBKC
1997,QP97,sublegal_male,321,133,81117,2.4135338345864663,2.0590455279435245e-4,195778.62406015038,40.31171003379892,SMBKC_PIBKC
1997,QP97,legal_male,380,133,81117,2.857142857142857,3.5477496161454534e-4,231762.85714285716,82.22365874653451,SMBKC_PIBKC
1997,TR97,female,2,604,91085,0.0033112582781456954,2.1277576076038357e-4,301.60596026490066,0.06417443764523026,BBRKC
1997,TR97,sublegal_male,41,604,91085,0.06788079470198675,1.496687715185889e-4,6182.922185430463,0.9253903678884063,BBRKC
1997,TR97,legal_male,69,604,91085,0.11423841059602649,4.5355700377858107e-4,10405.405629139073,4.7194446002531,BBRKC
1998,QO99,female,214,2291,945533,0.09340899170667831,8.605421802822191e-5,88321.28415539066,7.60041904324053,BSSC
1998,QO99,sublegal_male,3534,2291,945533,1.5425578350065474,1.6350258189606383e-4,1458539.3374072458,238.47494746305887,BSSC
1998,QO99,legal_male,415857,2291,945533,181.5176778699258,5.06113698778425e-4,171630954.50938454,86864.77721161621,BSSC
1998,QP98,female,11,304,181326,0.03618421052631579,1.1526493627158014e-4,6561.138157894738,0.7562691716387696,SMBKC_PIBKC
1998,QP98,sublegal_male,177,304,181326,0.5822368421052632,1.6237222076951772e-4,105574.67763157895,17.142394864065402,SMBKC_PIBKC
1998,QP98,legal_male,1800,304,181326,5.921052631578948,4.786385974480099e-4,1073640.7894736843,513.8859216366583,SMBKC_PIBKC
1998,TR98,female,0,592,145689,0,2.606128456723377e-4,0,0,BBRKC
1998,TR98,sublegal_male,8,592,145689,0.013513513513513514,3.2843944829520297e-4,1968.7702702702704,0.6466218213875653,BBRKC
1998,TR98,legal_male,50,592,145689,0.08445945945945946,4.333723351267129e-4,12304.814189189188,5.332566058469229,BBRKC
1999,QO00,female,304,784,182634,0.3877551020408163,1.1325635862137825e-4,70817.26530612244,8.020505596095491,BSSC
1999,QO00,sublegal_male,3036,784,182634,3.872448979591837,1.5885910326706424e-4,707240.8469387755,112.35164673853292,BSSC
1999,QO00,legal_male,144802,784,182634,184.69642857142858,5.667716678512286e-4,33731847.53571429,19118.255487520146,BSSC
1999,TR99,female,1,441,151212,0.0022675736961451248,2.711883317932249e-4,342.8843537414966,0.09298623588915449,BBRKC
1999,TR99,sublegal_male,31,441,151212,0.07029478458049887,1.4919430853915298e-4,10629.414965986396,1.5858482160260645,BBRKC
1999,TR99,legal_male,149,441,151212,0.3378684807256236,5.037154817250843e-4,51089.768707482996,25.734707455712933,BBRKC
2000,QB01,female,0,1351,4262,0,1.2709921329813478e-4,0,0,PIGKC
2000,QB01,sublegal_male,0,1351,4262,0,1.5394862405409404e-4,0,0,PIGKC
2000,QB01,legal_male,13,1351,4262,0.009622501850481125,5.080158345871472e-4,41.01110288675056,0.020834289660351946,PIGKC
2000,QO01,female,60,1491,191200,0.04024144869215292,1.194206869899945e-4,7694.164989939638,0.9188424689129557,BSSC
2000,QO01,sublegal_male,1967,1491,191200,1.3192488262910798,1.6556520940078437e-4,252240.37558685444,41.76223060337005,BSSC
2000,QO01,legal_male,210849,1491,191200,141.41448692152917,5.424767440646226e-4,27038449.89939638,14667.73026597897,BSSC
2000,TR00,female,1,1101,104056,9.082652134423251e-4,2.6360425569018394e-4,94.51044504995458,0.024913355522341307,BBRKC
2000,TR00,sublegal_male,23,1101,104056,0.02089009990917348,1.6951102509803713e-4,2173.7402361489553,0.36847293572645873,BBRKC
2000,TR00,legal_male,1310,1101,104056,1.189827429609446,6.113847973518968e-4,123808.68301544052,75.69474657580034,BBRKC
2001,QB02,female,2,1504,5279,0.0013297872340425532,1.2709921329813478e-4,7.019946808510638,8.922297167564541e-4,PIGKC
2001,QB02,sublegal_male,0,1504,5279,0,1.5394862405409404e-4,0,0,PIGKC
2001,QB02,legal_male,6,1504,5279,0.003989361702127659,6.62981209754357e-4,21.059840425531913,0.01396227848255286,PIGKC
2001,QO02,female,1642,2415,326977,0.6799171842650104,7.19303929847326e-5,222317.2811594203,15.991369401094392,BSSC
2001,QO02,sublegal_male,6867,2415,326977,2.8434782608695652,1.660977692213903e-4,929751.9913043479,154.42973168479767,BSSC
2001,QO02,legal_male,279783,2415,326977,115.85217391304347,4.917788640322589e-4,37880996.26956522,18629.07331385702,BSSC
2001,TB02,female,0,20,80,0,NA,0,0,BBGKC
2001,TB02,sublegal_male,0,20,80,0,NA,0,0,BBGKC
2001,TB02,legal_male,0,20,80,0,NA,0,0,BBGKC
2001,TR01,female,5,660,66947,0.007575757575757576,2.908460734891589e-4,507.17424242424244,0.14750963698392972,BBRKC
2001,TR01,sublegal_male,1,660,66947,0.0015151515151515152,1.859731809151066e-4,101.43484848484849,0.018864161428369153,BBRKC
2001,TR01,legal_male,161,660,66947,0.24393939393939393,6.34616026903292e-4,16331.010606060605,10.363921066133704,BBRKC
2002,QB03,female,0,593,2854,0,1.2709921329813478e-4,0,0,PIGKC
2002,QB03,sublegal_male,1,593,2854,0.0016863406408094434,1.2087233789633068e-4,4.812816188870151,5.817363446140434e-4,PIGKC
2002,QB03,legal_male,0,593,2854,0,5.388000200824766e-4,0,0,PIGKC
2002,QO03,female,212,1612,153862,0.1315136476426799,9.072837861594859e-5,20234.952853598013,1.83588446377711,BSSC
2002,QO03,sublegal_male,9876,1612,153862,6.126550868486352,1.641109056365446e-4,942643.3697270472,154.69805709818985,BSSC
2002,QO03,legal_male,406235,1612,153862,252.00682382133996,4.432871820565666e-4,38774273.92679901,17188.138625300136,BSSC
2002,TR02,female,0,738,72514,0,2.606128456723377e-4,0,0,BBRKC
2002,TR02,sublegal_male,8,738,72514,0.01084010840108401,1.7011337524418946e-4,786.059620596206,0.13371925520278757,BBRKC
2002,TR02,legal_male,203,738,72514,0.2750677506775068,5.728070774641754e-4,19946.262872628726,11.425360542402649,BBRKC
2003,QB04,female,0,552,2312,0,1.2709921329813478e-4,0,0,PIGKC
2003,QB04,sublegal_male,0,552,2312,0,1.5394862405409404e-4,0,0,PIGKC
2003,QB04,legal_male,0,552,2312,0,5.388000200824766e-4,0,0,PIGKC
2003,QO04,female,90,1627,123709,0.05531653349723417,1.2003074547110568e-4,6843.153042409343,0.8213887610532582,BSSC
2003,QO04,sublegal_male,2309,1627,123709,1.419176398279041,1.640835017194e-4,175564.89305470188,28.807302431407454,BSSC
2003,QO04,legal_male,260702,1627,123709,160.23478795328825,5.381506166653576e-4,19822485.382913336,10667.48273265485,BSSC
2003,TB04,female,0,10,36,0,NA,0,0,BBGKC
2003,TB04,sublegal_male,0,10,36,0,NA,0,0,BBGKC
2003,TB04,legal_male,0,10,36,0,NA,0,0,BBGKC
2003,TR03,female,1,1010,134515,9.900990099009901e-4,2.4165917003463193e-4,133.18316831683168,0.032184933918028236,BBRKC
2003,TR03,sublegal_male,14,1010,134515,0.013861386138613862,1.5516069991900413e-4,1864.5643564356435,0.28930711058858194,BBRKC
2003,TR03,legal_male,155,1010,134515,0.15346534653465346,4.972222109530475e-4,20643.39108910891,10.264352558895173,BBRKC
2004,QB05,female,0,602,2397,0,1.2709921329813478e-4,0,0,PIGKC
2004,QB05,sublegal_male,0,602,2397,0,1.5394862405409404e-4,0,0,PIGKC
2004,QB05,legal_male,0,602,2397,0,5.388000200824766e-4,0,0,PIGKC
2004,QO05o,female,125,637,75095,0.19623233908948196,1.003272953827305e-4,14736.067503924647,1.4784297972461042,BSSC
2004,QO05o,sublegal_male,5919,637,75095,9.291993720565149,1.531927255642568e-4,697782.2684458399,106.89516755362813,BSSC
2004,QO05o,legal_male,216232,637,75095,339.45368916797486,5.793693217669816e-4,25491274.788069073,14768.862584939336,BSSC
2004,TR04,female,0,762,97621,0,2.606128456723377e-4,0,0,BBRKC
2004,TR04,sublegal_male,149,762,97621,0.19553805774278216,1.752041946450877e-4,19088.620734908138,3.3444064227451027,BBRKC
2004,TR04,legal_male,105,762,97621,0.13779527559055119,5.499849385666032e-4,13451.712598425198,7.398239327060486,BBRKC
2005,QO05r,female,853,2583,117375,0.3302361595044522,9.116584785769808e-5,38761.469221835076,3.5337222058186635,BSSC
2005,QO05r,sublegal_male,8651,2583,117375,3.3492063492063493,1.612468604516987e-4,393113.09523809527,63.38825240959249,BSSC
2005,QO05r,legal_male,648613,2583,117375,251.10840108401084,5.879914566148114e-4,29473848.577235773,17330.37115697325,BSSC
2005,QT05,female,16,160,6346,0.1,1.7450704012293656e-4,634.6,0.11074216766201554,WBT
2005,QT05,sublegal_male,258,160,6346,1.6125,1.5769303370141797e-4,10232.925000000001,1.6136609868890825,WBT
2005,QT05,legal_male,2726,160,6346,17.0375,6.131303860635938e-4,108119.975,66.29164201293611,WBT
2005,TR05,female,4,1855,114944,0.00215633423180593,2.638886628766322e-4,247.85768194070084,0.06540683227103314,BBRKC
2005,TR05,sublegal_male,11,1855,114944,0.005929919137466307,1.4608512120375925e-4,681.6086253369272,0.09957287864587273,BBRKC
2005,TR05,legal_male,251,1855,114944,0.1353099730458221,5.447610031794908e-4,15553.069541778976,8.472705766099898,BBRKC
2006,QO06,female,137,1118,86328,0.12254025044722719,1.1811097193118592e-4,10578.654740608228,1.2494551931376852,BSSC
2006,QO06,sublegal_male,5267,1118,86328,4.711091234347048,1.6936427781291194e-4,406699.084078712,68.88029666216381,BSSC
2006,QO06,legal_male,556083,1118,86328,497.3908765652952,4.796667714257705e-4,42938759.5921288,20596.296182583756,BSSC
2006,QT06,female,0,141,4517,0,1.3467779578500504e-4,0,0,WBT
2006,QT06,sublegal_male,13,141,4517,0.09219858156028368,1.4334712205850279e-4,416.46099290780137,0.05969848478295987,WBT
2006,QT06,legal_male,889,141,4517,6.304964539007092,5.266935095233401e-4,28479.524822695035,14.99998087842233,WBT
2006,TR06,female,1,1324,71708,7.552870090634441e-4,2.3880566971540762e-4,54.16012084592145,0.01293374393047768,BBRKC
2006,TR06,sublegal_male,9,1324,71708,0.006797583081570997,1.3836679597940585e-4,487.441087613293,0.0674456615217682,BBRKC
2006,TR06,legal_male,190,1324,71708,0.14350453172205438,5.543368395573463e-4,10290.422960725075,5.704360541756688,BBRKC
2006,TT06,female,1,280,15273,0.0035714285714285713,1.7115887336913887e-4,54.54642857142857,0.00933610526059592,EBT
2006,TT06,sublegal_male,136,280,15273,0.4857142857142857,1.5951506388333633e-4,7418.314285714286,1.1833328771923808,EBT
2006,TT06,legal_male,2204,280,15273,7.871428571428571,5.571438605689367e-4,120220.32857142856,66.98001797915175,EBT
2007,QO07,female,1890,1731,140857,1.0918544194107451,1.1943295116531237e-4,153795.3379549393,18.36823108742498,BSSC
2007,QO07,sublegal_male,6608,1731,140857,3.8174465626805314,1.6525894747037377e-4,537714.0704794916,88.86206132745116,BSSC
2007,QO07,legal_male,846717,1731,140857,489.1490467937608,4.97363694409953e-4,68900067.28422877,34268.392009578354,BSSC
2007,QT07,female,0,103,7268,0,1.3467779578500504e-4,0,0,WBT
2007,QT07,sublegal_male,31,103,7268,0.30097087378640774,1.5164214025117922e-4,2187.4563106796113,0.3317105566574047,WBT
2007,QT07,legal_male,2182,103,7268,21.184466019417474,5.643752066826185e-4,153968.6990291262,86.89611633721698,WBT
2007,TR07,female,1,1979,113214,5.053057099545225e-4,3.1958813286230155e-4,57.20768064679131,0.018282895843290858,BBRKC
2007,TR07,sublegal_male,25,1979,113214,0.012632642748863061,1.59203158202448e-4,1430.1920161697826,0.22769108581015599,BBRKC
2007,TR07,legal_male,355,1979,113214,0.1793835270338555,5.722308698932249e-4,20308.726629610916,11.621280305685955,BBRKC
2007,TT07,female,10,773,26441,0.0129366106080207,1.5404451358489495e-4,342.0569210866753,0.05269199202714369,EBT
2007,TT07,sublegal_male,445,773,26441,0.5756791720569211,1.6105388256731283e-4,15221.53298835705,2.451486986401335,EBT
2007,TT07,legal_male,15112,773,26441,19.54980595084088,5.3369196659391e-4,516916.4191461837,275.8741402988087,EBT
2008,QO08,female,1523,1657,163537,0.9191309595654797,1.1569140103145719e-4,150311.91973445987,17.3897965858076,BSSC
2008,QO08,sublegal_male,2252,1657,163537,1.3590826795413398,1.663901351728391e-4,222260.30416415207,36.9819220534296,BSSC
2008,QO08,legal_male,625146,1657,163537,377.2757996378998,5.127152907374745e-4,61698552.44538322,31633.79125511598,BSSC
2008,QT08,female,0,77,2336,0,1.3467779578500504e-4,0,0,WBT
2008,QT08,sublegal_male,2,77,2336,0.025974025974025976,1.7500479545577903e-4,60.67532467532468,0.010618472784018177,WBT
2008,QT08,legal_male,566,77,2336,7.35064935064935,5.576384790066677e-4,17171.116883116883,9.575275501547011,WBT
2008,TR08,female,2,1846,139937,0.0010834236186348862,3.047822866017965e-4,151.61105092091006,0.04620836277377638,BBRKC
2008,TR08,sublegal_male,5,1846,139937,0.0027085590465872156,1.4804083729535032e-4,379.02762730227516,0.056111567303898796,BBRKC
2008,TR08,legal_male,182,1846,139937,0.09859154929577464,5.366087896191946e-4,13796.605633802816,7.403379850008291,BBRKC
2008,TT08,female,0,607,19401,0,1.787720827325911e-4,0,0,EBT
2008,TT08,sublegal_male,67,607,19401,0.11037891268533773,1.6625249427365765e-4,2141.461285008237,0.3560232800230915,EBT
2008,TT08,legal_male,1270,607,19401,2.0922570016474467,5.123593090238778e-4,40591.87808896211,20.797626609642112,EBT
2009,QB10,female,0,314,1159,0,1.2709921329813478e-4,0,0,PIGKC
2009,QB10,sublegal_male,0,314,1159,0,1.5394862405409404e-4,0,0,PIGKC
2009,QB10,legal_male,0,314,1159,0,5.388000200824766e-4,0,0,PIGKC
2009,QO09,female,1288,1643,137292,0.7839318320146075,1.1532716147116503e-4,107627.56908094948,12.41238203814763,BSSC
2009,QO09,sublegal_male,3181,1643,137292,1.9360925136944613,1.6431855841014212e-4,265810.01339013997,43.677518211248376,BSSC
2009,QO09,legal_male,555407,1643,137292,338.0444309190505,5.60642199478468e-4,46410796.00973828,26019.850754446175,BSSC
2009,QP09,female,138,988,10697,0.1396761133603239,7.636297891180863e-5,1494.1153846153848,0.11409510160719347,SMBKC_PIBKC
2009,QP09,sublegal_male,311,988,10697,0.3147773279352227,1.3579507924509562e-4,3367.173076923077,0.4572455348127217,SMBKC_PIBKC
2009,QP09,legal_male,1158,988,10697,1.1720647773279351,4.09285195568909e-4,12537.576923076922,5.131444622921778,SMBKC_PIBKC
2009,TR09,female,0,2063,118521,0,2.606128456723377e-4,0,0,BBRKC
2009,TR09,sublegal_male,3,2063,118521,0.001454192922927775,1.7420720328660208e-4,172.35239941832282,0.030025029482401402,BBRKC
2009,TR09,legal_male,354,2063,118521,0.17159476490547745,5.521196753837493e-4,20337.583131362095,11.228779796577655,BBRKC
2009,TT09,female,0,354,6635,0,1.787720827325911e-4,0,0,EBT
2009,TT09,sublegal_male,15,354,6635,0.0423728813559322,1.8074077467416448e-4,281.14406779661016,0.05081419660860514,EBT
2009,TT09,legal_male,371,354,6635,1.0480225988700564,5.273964210799187e-4,6953.629943502824,3.6673195457175467,EBT
2010,QB10,female,0,169,664,0,1.2709921329813478e-4,0,0,PIGKC
2010,QB10,sublegal_male,0,169,664,0,1.5394862405409404e-4,0,0,PIGKC
2010,QB10,legal_male,143,169,664,0.8461538461538461,6.598052480322348e-4,561.8461538461538,0.37070904089441864,PIGKC
2010,QB11,female,0,463,1872,0,1.2709921329813478e-4,0,0,PIGKC
2010,QB11,sublegal_male,0,463,1872,0,1.5394862405409404e-4,0,0,PIGKC
2010,QB11,legal_male,0,463,1872,0,5.388000200824766e-4,0,0,PIGKC
2010,QO10,female,1431,2141,147478,0.6683792620270902,1.0195307259206825e-4,98571.23680523121,10.049640461493688,BSSC
2010,QO10,sublegal_male,787,2141,147478,0.3675852405418029,1.6450276225575018e-4,54210.73610462401,8.917815833128177,BSSC
2010,QO10,legal_male,681189,2141,147478,318.1639420831387,6.197111032492176e-4,46922181.85053713,29078.197081456776,BSSC
2010,QP10,female,107,2417,29346,0.04426975589573852,6.1398242329971e-5,1299.1402565163426,0.07976492829021109,SMBKC_PIBKC
2010,QP10,sublegal_male,368,2417,29346,0.1522548613984278,1.090100689108745e-4,4468.071162598262,0.48706474533352767,SMBKC_PIBKC
2010,QP10,legal_male,903,2417,29346,0.3736036408771204,5.054185694929406e-4,10963.772445179975,5.541294185488983,SMBKC_PIBKC
2010,TR10,female,0,1890,131627,0,2.606128456723377e-4,0,0,BBRKC
2010,TR10,sublegal_male,3,1890,131627,0.0015873015873015873,1.726548572169216e-4,208.93174603174603,0.03607308077919324,BBRKC
2010,TR10,legal_male,119,1890,131627,0.06296296296296296,5.579515952259996e-4,8287.625925925926,4.624094106006722,BBRKC
2011,QB12,female,0,230,1054,0,1.2709921329813478e-4,0,0,PIGKC
2011,QB12,sublegal_male,0,230,1054,0,1.5394862405409404e-4,0,0,PIGKC
2011,QB12,legal_male,0,230,1054,0,5.388000200824766e-4,0,0,PIGKC
2011,QO11,female,21551,2234,270602,9.646821844225604,7.314296491089936e-5,2610449.284691137,190.93600043184617,BSSC
2011,QO11,sublegal_male,7938,2234,270602,3.5532676812891673,1.4486833129678635e-4,961521.3410922112,139.29399219027675,BSSC
2011,QO11,legal_male,584905,2234,270602,261.819606087735,6.193293084376345e-4,70848909.04655327,43878.80584336271,BSSC
2011,QP11,female,103,3359,48554,0.030663888061923193,6.325470722876886e-5,1488.8544209586187,0.09417705050399562,SMBKC_PIBKC
2011,QP11,sublegal_male,541,3359,48554,0.1610598392378684,1.3374014295512184e-4,7820.099434355462,1.0458612162739669,SMBKC_PIBKC
2011,QP11,legal_male,2129,3359,48554,0.6338195891634415,5.149348314660657e-4,30774.47633224174,15.846849783599326,SMBKC_PIBKC
2011,TR11,female,0,695,45784,0,2.606128456723377e-4,0,0,BBRKC
2011,TR11,sublegal_male,1,695,45784,0.0014388489208633094,5.772899452386357e-4,65.87625899280576,0.038029701946483016,BBRKC
2011,TR11,legal_male,92,695,45784,0.13237410071942446,6.338587742336997e-4,6060.61582733813,3.8415745194179065,BBRKC
2012,QB13,female,0,167,929,0,1.2709921329813478e-4,0,0,PIGKC
2012,QB13,sublegal_male,0,167,929,0,1.5394862405409404e-4,0,0,PIGKC
2012,QB13,legal_male,0,167,929,0,5.388000200824766e-4,0,0,PIGKC
2012,QO12,female,6062,2875,225627,2.1085217391304347,1.2010315112050309e-4,475739.4344347826,57.13780518790336,BSSC
2012,QO12,sublegal_male,7851,2875,225627,2.730782608695652,1.6142257825609452e-4,616138.2876521739,99.45863095510911,BSSC
2012,QO12,legal_male,813338,2875,225627,282.9001739130435,5.558777591670031e-4,63829917.539478265,35481.63152965977,BSSC
2012,QP12,female,201,2840,37065,0.07077464788732395,6.298026746486162e-5,2623.262323943662,0.1652137627924663,SMBKC_PIBKC
2012,QP12,sublegal_male,1035,2840,37065,0.3644366197183099,1.2781187138114213e-4,13507.843309859156,1.7264627317563397,SMBKC_PIBKC
2012,QP12,legal_male,749,2840,37065,0.26373239436619716,4.32805365580874e-4,9775.241197183097,4.23077683998805,SMBKC_PIBKC
2012,TR12,female,0,436,38842,0,2.606128456723377e-4,0,0,BBRKC
2012,TR12,sublegal_male,0,436,38842,0,2.540044799270552e-4,0,0,BBRKC
2012,TR12,legal_male,137,436,38842,0.31422018348623854,6.646685822578188e-4,12204.940366972478,8.112240410256819,BBRKC
2013,QB14,female,0,148,821,0,1.2709921329813478e-4,0,0,PIGKC
2013,QB14,sublegal_male,0,148,821,0,1.5394862405409404e-4,0,0,PIGKC
2013,QB14,legal_male,0,148,821,0,5.388000200824766e-4,0,0,PIGKC
2013,QO13,female,11389,2661,225245,4.2799699361142425,1.1996763783780616e-4,964041.8282600526,115.65382091319852,BSSC
2013,QO13,sublegal_male,10893,2661,225245,4.093573844419391,1.6579690344740967e-4,922057.0405862458,152.8742021310821,BSSC
2013,QO13,legal_male,859921,2661,225245,323.15708380308155,4.8012297601054255e-4,72789517.3412251,34947.91968823999,BSSC
2013,QT13,female,197,309,23062,0.6375404530744336,1.345709597157464e-4,14702.957928802589,1.9785911591392071,WBT
2013,QT13,sublegal_male,63,309,23062,0.20388349514563106,1.5926372502432775e-4,4701.961165048543,0.7488518500653589,WBT
2013,QT13,legal_male,6464,309,23062,20.919093851132686,5.684983063275966e-4,482436.14239482203,274.26412986267553,WBT
2013,TR13,female,0,691,46589,0,2.606128456723377e-4,0,0,BBRKC
2013,TR13,sublegal_male,0,691,46589,0,2.540044799270552e-4,0,0,BBRKC
2013,TR13,legal_male,13,691,46589,0.01881331403762663,6.355695578487912e-4,876.493487698987,0.5570725784341901,BBRKC
2013,TT13,female,0,265,16633,0,1.787720827325911e-4,0,0,EBT
2013,TT13,sublegal_male,0,265,16633,0,1.960919099449039e-4,0,0,EBT
2013,TT13,legal_male,96,265,16633,0.3622641509433962,6.86910657620833e-4,6025.539622641509,4.139007384709065,EBT
2014,QO14,female,19619,2194,279183,8.94211485870556,1.1974501367629825e-4,2496486.4525979944,298.9418044090401,BSSC
2014,QO14,sublegal_male,14012,2194,279183,6.386508659981769,1.6741125441040332e-4,1783004.6472196903,298.49504461062696,BSSC
2014,QO14,legal_male,687260,2194,279183,313.24521422060167,0.00048183749925446154,87452738.64175023,42138.00889009495,BSSC
2014,QP14,female,28,895,10133,0.03128491620111732,6.966552532837302e-5,317.0100558659218,0.02208467207627632,SMBKC_PIBKC
2014,QP14,sublegal_male,227,895,10133,0.2536312849162011,1.440945560983099e-4,2570.0458100558662,0.3703296101523213,SMBKC_PIBKC
2014,QP14,legal_male,292,895,10133,0.32625698324022345,2.887985361349546e-4,3305.9620111731842,0.9547569893445861,SMBKC_PIBKC
2014,QT14,female,482,874,68695,0.551487414187643,1.420486399800023e-4,37884.42791762014,5.381431462118371,WBT
2014,QT14,sublegal_male,239,874,68695,0.2734553775743707,1.708180948628856e-4,18785.017162471395,3.2088208436599728,WBT
2014,QT14,legal_male,39472,874,68695,45.162471395881006,5.732484839904445e-4,3102435.9725400456,1778.4667179360013,WBT
2014,TR14,female,0,558,57468,0,2.606128456723377e-4,0,0,BBRKC
2014,TR14,sublegal_male,0,558,57468,0,2.540044799270552e-4,0,0,BBRKC
2014,TR14,legal_male,9,558,57468,0.016129032258064516,8.678636773315173e-4,926.9032258064516,0.8044256420788328,BBRKC
2014,TT14,female,0,937,72768,0,1.787720827325911e-4,0,0,EBT
2014,TT14,sublegal_male,3,937,72768,0.0032017075773745998,1.577459394243402e-4,232.98185699039487,0.036751941899777124,EBT
2014,TT14,legal_male,783,937,72768,0.8356456776947705,7.366496641966097e-4,60808.26467449306,44.79438775284388,EBT
2015,QO15,female,9350,1856,202526,5.037715517241379,1.1271280480477862e-4,1020268.3728448275,114.99730995694813,BSSC
2015,QO15,sublegal_male,9265,1856,202526,4.991918103448276,1.669140091985816e-4,1010993.2058189654,168.7489292557703,BSSC
2015,QO15,legal_male,514983,1856,202526,277.46928879310343,5.188083430065379e-4,56194745.18211207,29154.302633606192,BSSC
2015,QP15,female,1,419,5475,0.002386634844868735,4.3863155312369475e-5,13.066825775656325,5.731522084372862e-4,SMBKC_PIBKC
2015,QP15,sublegal_male,32,419,5475,0.07637231503579953,1.5710914857408454e-4,418.1384248210024,0.06569337190973655,SMBKC_PIBKC
2015,QP15,legal_male,67,419,5475,0.15990453460620524,2.774710296950203e-4,875.4773269689737,0.2429195953887251,SMBKC_PIBKC
2015,QT15,female,1762,888,84933,1.9842342342342343,1.1761894119613215e-4,168526.9662162162,19.821963329347685,WBT
2015,QT15,sublegal_male,988,888,84933,1.1126126126126126,1.678471260639932e-4,94497.52702702703,15.86113833164101,WBT
2015,QT15,legal_male,51845,888,84933,58.384009009009006,6.423466323472412e-4,4958729.037162161,3185.2228977435925,WBT
2015,TR15,female,0,454,48763,0,2.606128456723377e-4,0,0,BBRKC
2015,TR15,sublegal_male,4,454,48763,0.00881057268722467,2.8111701046236426e-4,429.6299559471366,0.12077628882093629,BBRKC
2015,TR15,legal_male,16,454,48763,0.03524229074889868,5.915769102996506e-4,1718.5198237885463,1.0166366476455282,BBRKC
2015,TT15,female,287,1448,130302,0.19820441988950277,1.487523572310163e-4,25826.43232044199,3.8417426865330517,EBT
2015,TT15,sublegal_male,135,1448,130302,0.09323204419889503,1.7494743497184332e-4,12148.32182320442,2.1253177421820806,EBT
2015,TT15,legal_male,28691,1448,130302,19.814226519337016,7.235610831721543e-4,2581833.343922652,1868.1141308986591,EBT
2016,QB17,female,0,323,1462,0,1.2709921329813478e-4,0,0,PIGKC
2016,QB17,sublegal_male,0,323,1462,0,1.5394862405409404e-4,0,0,PIGKC
2016,QB17,legal_male,0,323,1462,0,5.388000200824766e-4,0,0,PIGKC
2016,QO16,female,3243,1373,118548,2.3619810633648943,1.1868259403653285e-4,280008.1310997815,33.232091350243635,BSSC
2016,QO16,sublegal_male,5663,1373,118548,4.124544792425346,1.6796092657144827e-4,488956.53605243994,82.12559284853356,BSSC
2016,QO16,legal_male,316341,1373,118548,230.40131099781502,5.205168439913064e-4,27313614.616168976,14217.196478003092,BSSC
2016,TR16,female,0,453,33608,0,2.606128456723377e-4,0,0,BBRKC
2016,TR16,sublegal_male,1,453,33608,0.002207505518763797,2.0134574804342862e-4,74.18984547461369,0.014937809934312471,BBRKC
2016,TR16,legal_male,58,453,33608,0.1280353200883002,7.151661012462726e-4,4303.0110375275935,3.0773676273282873,BBRKC
2017,QB18,female,0,456,1723,0,1.2709921329813478e-4,0,0,PIGKC
2017,QB18,sublegal_male,0,456,1723,0,1.5394862405409404e-4,0,0,PIGKC
2017,QB18,legal_male,0,456,1723,0,5.388000200824766e-4,0,0,PIGKC
2017,QO17,female,2560,1091,114673,2.3464711274060495,1.0410148741697343e-4,269076.8835930339,28.01130381155864,BSSC
2017,QO17,sublegal_male,10141,1091,114673,9.295142071494043,1.6267814059631853e-4,1065901.8267644364,173.39892723625775,BSSC
2017,QO17,legal_male,302690,1091,114673,277.44271310724105,4.4980434468363227e-4,31815188.240146652,14310.609897345568,BSSC
2017,QT17,female,227,328,19284,0.6920731707317073,1.0747289223285973e-4,13345.939024390244,1.4343266665146097,WBT
2017,QT17,sublegal_male,1281,328,19284,3.9054878048780486,1.5937904941863752e-4,75313.42682926828,12.00338237650889,WBT
2017,QT17,legal_male,8834,328,19284,26.932926829268293,4.285386138909578e-4,519374.56097560975,222.57205445071256,WBT
2017,TR17,female,0,854,49169,0,2.606128456723377e-4,0,0,BBRKC
2017,TR17,sublegal_male,1,854,49169,0.00117096018735363,1.935561369877491e-4,57.57494145199063,0.011143983254743134,BBRKC
2017,TR17,legal_male,138,854,49169,0.16159250585480095,7.276073261342198e-4,7945.341920374708,5.781088989905968,BBRKC
2017,TT17,female,0,1,11,0,1.787720827325911e-4,0,0,EBT
2017,TT17,sublegal_male,0,1,11,0,1.960919099449039e-4,0,0,EBT
2017,TT17,legal_male,2,1,11,2,7.483842170033017e-4,22,0.016464452774072637,EBT
2018,QB19,female,0,515,2343,0,1.2709921329813478e-4,0,0,PIGKC
2018,QB19,sublegal_male,11,515,2343,0.021359223300970873,1.669488554682873e-4,50.04466019417475,0.008354898741716832,PIGKC
2018,QB19,legal_male,35,515,2343,0.06796116504854369,3.2717438210586757e-4,159.23300970873785,0.05209696156231392,PIGKC
2018,QO18,female,3295,1379,119484,2.389412617839014,7.772182760330048e-5,285496.5772298767,22.189315756792837,BSSC
2018,QO18,sublegal_male,26664,1379,119484,19.335750543872372,1.647960935095498e-4,2310312.8179840464,380.7305271888104,BSSC
2018,QO18,legal_male,561115,1379,119484,406.8999274836838,4.2687003041578365e-4,48618030.93546048,20753.580344175523,BSSC
2018,QT18,female,372,551,29833,0.6751361161524501,9.541636092483374e-5,20141.33575317604,1.9218129617333033,WBT
2018,QT18,sublegal_male,1030,551,29833,1.8693284936479129,1.645432439961576e-4,55767.67695099818,9.176194475646989,WBT
2018,QT18,legal_male,30391,551,29833,55.156079854809434,4.379014390852815e-4,1645471.3303085298,720.5542635156778,WBT
2018,TR18,female,1,532,31975,0.0018796992481203006,1.8166800566817693e-4,60.10338345864661,0.010918861806842024,BBRKC
2018,TR18,sublegal_male,0,532,31975,0,2.540044799270552e-4,0,0,BBRKC
2018,TR18,legal_male,35,532,31975,0.06578947368421052,8.30014779170878e-4,2103.6184210526317,1.7460343792097912,BBRKC
2019,QB20,female,0,276,2835,0,1.2709921329813478e-4,0,0,PIGKC
2019,QB20,sublegal_male,0,276,2835,0,1.5394862405409404e-4,0,0,PIGKC
2019,QB20,legal_male,0,276,2835,0,5.388000200824766e-4,0,0,PIGKC
2019,QO19,female,3321,2617,188958,1.2690103171570501,8.930031573035651e-5,239789.6515093619,21.413291588658176,BSSC
2019,QO19,sublegal_male,27380,2617,188958,10.46236148261368,1.660071903285132e-4,1976946.9010317158,328.1874004689364,BSSC
2019,QO19,legal_male,1053335,2617,188958,402.49713412304163,4.038238475018727e-4,76055053.4696217,30712.844314063288,BSSC
2019,SB19,female,0,69,420,0,NA,0,0,NA
2019,SB19,sublegal_male,0,69,420,0,NA,0,0,NA
2019,SB19,legal_male,0,69,420,0,NA,0,0,NA
2019,TR19,female,0,669,35033,0,2.606128456723377e-4,0,0,BBRKC
2019,TR19,sublegal_male,3,669,35033,0.004484304932735426,1.6048814556281506e-4,157.09865470852017,0.025212471764583407,BBRKC
2019,TR19,legal_male,58,669,35033,0.08669656203288491,4.641508209831295e-4,3037.240657698057,1.4097377447938932,BBRKC
2020,QO20,female,97,1528,171678,0.06348167539267016,7.171964982562608e-5,10898.407068062828,0.7816299385785943,BSSC
2020,QO20,sublegal_male,6619,1528,171678,4.331806282722513,0.00017183511278257404,743675.8390052356,127.78962166914003,BSSC
2020,QO20,legal_male,528676,1528,171678,345.9921465968586,4.4446151022074407e-4,59399239.74345549,26400.67580234027,BSSC
2020,QT20,female,7,389,34914,0.017994858611825194,1.8744619167711417e-4,628.2724935732648,0.11776728625579268,WBT
2020,QT20,sublegal_male,128,389,34914,0.32904884318766064,1.594729221858982e-4,11488.411311053984,1.8320905230473046,WBT
2020,QT20,legal_male,11329,389,34914,29.123393316195372,4.740761275623045e-4,1016814.1542416452,482.04731669341896,WBT
2020,TR20,female,0,318,21346,0,2.606128456723377e-4,0,0,BBRKC
2020,TR20,sublegal_male,0,318,21346,0,2.540044799270552e-4,0,0,BBRKC
2020,TR20,legal_male,86,318,21346,0.27044025157232704,4.7684635739689513e-4,5772.817610062893,2.7527470492751402,BBRKC
2021,QB21,female,0,300,1219,0,1.2709921329813478e-4,0,0,PIGKC
2021,QB21,sublegal_male,19,300,1219,0.06333333333333334,1.7402467879766415e-4,77.20333333333333,0.013435285285442331,PIGKC
2021,QB21,legal_male,460,300,1219,1.5333333333333334,3.506680148567931e-4,1869.1333333333334,0.6554452755026605,PIGKC
2021,QB22,female,0,94,1527,0,1.2709921329813478e-4,0,0,PIGKC
2021,QB22,sublegal_male,0,94,1527,0,1.5394862405409404e-4,0,0,PIGKC
2021,QB22,legal_male,0,94,1527,0,5.388000200824766e-4,0,0,PIGKC
2021,QO21,female,10,388,36878,0.02577319587628866,4.4123849723787356e-5,950.4639175257731,0.041938127064789436,BSSC
2021,QO21,sublegal_male,388,388,36878,1,1.7148415173936745e-4,36878,6.323992547844393,BSSC
2021,QO21,legal_male,90592,388,36878,233.48453608247422,4.8626943870161063e-4,8610442.721649485,4186.995149228864,BSSC
2021,QT21,female,53,414,19252,0.1280193236714976,1.611184569146843e-4,2464.6280193236717,0.3970970633421247,WBT
2021,QT21,sublegal_male,83,414,19252,0.20048309178743962,1.6993148841740573e-4,3859.7004830917876,0.6558846479371674,WBT
2021,QT21,legal_male,10399,414,19252,25.118357487922705,4.97349766492806e-4,483578.6183574879,240.50771292101035,WBT
2021,TR21,female,0,20,294,0,2.606128456723377e-4,0,0,BBRKC
2021,TR21,sublegal_male,0,20,294,0,2.540044799270552e-4,0,0,BBRKC
2021,TR21,legal_male,2,20,294,0.1,4.995907688618312e-4,29.400000000000002,0.014687968604537839,BBRKC
2022,QB23,female,0,110,344,0,1.2709921329813478e-4,0,0,PIGKC
2022,QB23,sublegal_male,0,110,344,0,1.5394862405409404e-4,0,0,PIGKC
2022,QB23,legal_male,0,110,344,0,5.388000200824766e-4,0,0,PIGKC
2022,QT22,female,3,428,18130,0.007009345794392523,1.3128250752716746e-4,127.07943925233644,0.016683307440193078,WBT
2022,QT22,sublegal_male,17,428,18130,0.0397196261682243,1.70827522452369e-4,720.1168224299065,0.12301577265197347,WBT
2022,QT22,legal_male,2541,428,18130,5.936915887850467,4.8222085369282005e-4,107636.28504672897,51.904461263557366,WBT
2022,TB23,female,0,12,40,0,NA,0,0,BBGKC
2022,TB23,sublegal_male,0,12,40,0,NA,0,0,BBGKC
2022,TB23,legal_male,0,12,40,0,NA,0,0,BBGKC
2022,TR22,female,0,24,242,0,2.606128456723377e-4,0,0,BBRKC
2022,TR22,sublegal_male,0,24,242,0,2.540044799270552e-4,0,0,BBRKC
2022,TR22,legal_male,2,24,242,0.08333333333333333,4.180513650470342e-4,20.166666666666664,0.008430702528448523,BBRKC
2022,TT22,female,0,347,19434,0,1.787720827325911e-4,0,0,EBT
2022,TT22,sublegal_male,25,347,19434,0.07204610951008646,1.430382955023682e-4,1400.1440922190202,0.20027422440871925,EBT
2022,TT22,legal_male,923,347,19434,2.6599423631123917,4.628299102346165e-4,51693.31988472622,23.925214601977153,EBT
2023,QT23,female,0,908,22861,0,1.3467779578500504e-4,0,0,WBT
2023,QT23,sublegal_male,31,908,22861,0.034140969162995596,2.46535034558089e-4,780.4966960352423,0.19241977992952275,WBT
2023,QT23,legal_male,3007,908,22861,3.3116740088105727,5.290987424723417e-4,75708.17951541851,40.057102576478236,WBT
2023,TR23,female,0,289,15694,0,2.606128456723377e-4,0,0,BBRKC
2023,TR23,sublegal_male,0,289,15694,0,2.540044799270552e-4,0,0,BBRKC
2023,TR23,legal_male,12,289,15694,0.04152249134948097,4.0029761969928693e-4,651.6539792387543,0.2608555367568419,BBRKC
2023,TT23,female,0,167,6336,0,1.787720827325911e-4,0,0,EBT
2023,TT23,sublegal_male,4,167,6336,0.023952095808383235,1.8248587666691996e-4,151.76047904191617,0.027694144061355806,EBT
2023,TT23,legal_male,144,167,6336,0.8622754491017964,4.6736786916708444e-4,5463.377245508982,2.5534069816894682,EBT
2024,QO24,female,6,234,15665,0.02564102564102564,4.888354571024912e-5,401.66666666666663,0.019634890860283395,BSSC
2024,QO24,sublegal_male,382,234,15665,1.6324786324786325,1.7192402462013148e-4,25572.777777777777,4.396574876271818,BSSC
2024,QO24,legal_male,75132,234,15665,321.0769230769231,5.575493591578134e-4,5029670,2804.2892852752793,BSSC
2024,QT24,female,40,877,49305,0.04561003420752566,2.0596762746478983e-4,2248.8027366020524,0.4631805642942514,WBT
2024,QT24,sublegal_male,37,877,49305,0.04218928164196123,1.7866092394222156e-4,2080.1425313568984,0.37164018658373504,WBT
2024,QT24,legal_male,5400,877,49305,6.1573546180159635,6.093683467648738e-4,303588.36944127706,184.99714278347471,WBT
2024,TR24,female,0,157,11504,0,2.606128456723377e-4,0,0,BBRKC
2024,TR24,sublegal_male,0,157,11504,0,2.540044799270552e-4,0,0,BBRKC
2024,TR24,legal_male,4,157,11504,0.025477707006369428,5.389277964669896e-4,293.0955414012739,0.15795733428168787,BBRKC
2024,TT24,female,0,459,20999,0,1.787720827325911e-4,0,0,EBT
2024,TT24,sublegal_male,2,459,20999,0.004357298474945534,1.5105667047361158e-4,91.49891067538127,0.013821520798585488,EBT
2024,TT24,legal_male,317,459,20999,0.690631808278867,4.685281892327112e-4,14502.577342047929,6.794866301277062,EBT
