crab_year,fishery,size,total,target_stock
1991,QO92,90,1,BSSC
1991,QO92,91,1,BSSC
1991,QO92,92,2,BSSC
1991,QO92,94,1,BSSC
1991,QO92,95,1,BSSC
1991,QO92,96,5,BSSC
1991,QO92,97,1,BSSC
1991,QO92,98,3,BSSC
1991,QO92,99,7,BSSC
1991,QO92,100,17,BSSC
1991,QO92,101,16,BSSC
1991,QO92,102,22,BSSC
1991,QO92,103,20,BSSC
1991,QO92,104,17,BSSC
1991,QO92,105,32,BSSC
1991,QO92,106,32,BSSC
1991,QO92,107,28,BSSC
1991,QO92,108,31,BSSC
1991,QO92,109,38,BSSC
1991,QO92,110,53,BSSC
1991,QO92,111,42,BSSC
1991,QO92,112,76,BSSC
1991,QO92,113,58,BSSC
1991,QO92,114,48,BSSC
1991,QO92,115,73,BSSC
1991,QO92,116,80,BSSC
1991,QO92,117,72,BSSC
1991,QO92,118,83,BSSC
1991,QO92,119,80,BSSC
1991,QO92,120,82,BSSC
1991,QO92,121,103,BSSC
1991,QO92,122,103,BSSC
1991,QO92,123,95,BSSC
1991,QO92,124,90,BSSC
1991,QO92,125,107,BSSC
1991,QO92,126,88,BSSC
1991,QO92,127,92,BSSC
1991,QO92,128,93,BSSC
1991,QO92,129,84,BSSC
1991,QO92,130,88,BSSC
1991,QO92,131,86,BSSC
1991,QO92,132,69,BSSC
1991,QO92,133,76,BSSC
1991,QO92,134,90,BSSC
1991,QO92,135,58,BSSC
1991,QO92,136,63,BSSC
1991,QO92,137,47,BSSC
1991,QO92,138,57,BSSC
1991,QO92,139,34,BSSC
1991,QO92,140,28,BSSC
1991,QO92,141,12,BSSC
1991,QO92,142,23,BSSC
1991,QO92,143,12,BSSC
1991,QO92,144,9,BSSC
1991,QO92,145,8,BSSC
1991,QO92,146,3,BSSC
1991,QO92,147,3,BSSC
1991,QO92,149,1,BSSC
1991,QO92,151,1,BSSC
1991,QO92,153,1,BSSC
1991,QO92,156,1,BSSC
1991,QO92,157,1,BSSC
1991,QO92,161,1,BSSC
1992,QT92,102,1,WBT
1992,QT92,104,1,WBT
1992,QT92,105,1,WBT
1992,QT92,109,1,WBT
1992,QT92,112,1,WBT
1992,QT92,115,2,WBT
1992,QT92,119,2,WBT
1992,QT92,121,1,WBT
1992,QT92,122,1,WBT
1992,QT92,124,2,WBT
1992,QT92,125,2,WBT
1992,QT92,126,2,WBT
1992,QT92,127,2,WBT
1992,QT92,128,10,WBT
1992,QT92,129,3,WBT
1992,QT92,130,9,WBT
1992,QT92,131,9,WBT
1992,QT92,132,9,WBT
1992,QT92,133,12,WBT
1992,QT92,134,20,WBT
1992,QT92,135,23,WBT
1992,QT92,136,24,WBT
1992,QT92,137,17,WBT
1992,QT92,138,38,WBT
1992,QT92,139,68,WBT
1992,QT92,140,94,WBT
1992,QT92,141,69,WBT
1992,QT92,142,72,WBT
1992,QT92,143,60,WBT
1992,QT92,144,60,WBT
1992,QT92,145,46,WBT
1992,QT92,146,40,WBT
1992,QT92,147,36,WBT
1992,QT92,148,23,WBT
1992,QT92,149,16,WBT
1992,QT92,150,12,WBT
1992,QT92,151,8,WBT
1992,QT92,152,8,WBT
1992,QT92,153,7,WBT
1992,QT92,154,1,WBT
1992,QT92,155,4,WBT
1992,QT92,156,1,WBT
1992,QT92,157,3,WBT
1992,QT92,158,2,WBT
1992,QT92,159,1,WBT
1992,QT92,161,1,WBT
1992,QT92,163,1,WBT
1993,QO94,76,1,BSSC
1993,QO94,77,1,BSSC
1993,QO94,79,2,BSSC
1993,QO94,80,1,BSSC
1993,QO94,81,2,BSSC
1993,QO94,82,1,BSSC
1993,QO94,83,1,BSSC
1993,QO94,84,1,BSSC
1993,QO94,85,2,BSSC
1993,QO94,86,2,BSSC
1993,QO94,87,5,BSSC
1993,QO94,88,5,BSSC
1993,QO94,89,10,BSSC
1993,QO94,90,11,BSSC
1993,QO94,91,12,BSSC
1993,QO94,92,16,BSSC
1993,QO94,93,20,BSSC
1993,QO94,94,37,BSSC
1993,QO94,95,51,BSSC
1993,QO94,96,45,BSSC
1993,QO94,97,89,BSSC
1993,QO94,98,111,BSSC
1993,QO94,99,108,BSSC
1993,QO94,100,163,BSSC
1993,QO94,101,192,BSSC
1993,QO94,102,209,BSSC
1993,QO94,103,221,BSSC
1993,QO94,104,262,BSSC
1993,QO94,105,273,BSSC
1993,QO94,106,240,BSSC
1993,QO94,107,240,BSSC
1993,QO94,108,232,BSSC
1993,QO94,109,240,BSSC
1993,QO94,110,261,BSSC
1993,QO94,111,234,BSSC
1993,QO94,112,250,BSSC
1993,QO94,113,228,BSSC
1993,QO94,114,254,BSSC
1993,QO94,115,280,BSSC
1993,QO94,116,228,BSSC
1993,QO94,117,275,BSSC
1993,QO94,118,245,BSSC
1993,QO94,119,256,BSSC
1993,QO94,120,248,BSSC
1993,QO94,121,194,BSSC
1993,QO94,122,204,BSSC
1993,QO94,123,183,BSSC
1993,QO94,124,210,BSSC
1993,QO94,125,162,BSSC
1993,QO94,126,133,BSSC
1993,QO94,127,117,BSSC
1993,QO94,128,127,BSSC
1993,QO94,129,105,BSSC
1993,QO94,130,103,BSSC
1993,QO94,131,64,BSSC
1993,QO94,132,53,BSSC
1993,QO94,133,45,BSSC
1993,QO94,134,35,BSSC
1993,QO94,135,22,BSSC
1993,QO94,136,18,BSSC
1993,QO94,137,21,BSSC
1993,QO94,138,10,BSSC
1993,QO94,139,11,BSSC
1993,QO94,140,8,BSSC
1993,QO94,141,8,BSSC
1993,QO94,142,3,BSSC
1993,QO94,143,2,BSSC
1993,QO94,144,4,BSSC
1993,QO94,145,5,BSSC
1993,QO94,147,1,BSSC
1993,QO94,148,2,BSSC
1993,QT93,130,1,WBT
1993,QT93,135,1,WBT
1993,QT93,136,1,WBT
1993,QT93,137,2,WBT
1993,QT93,138,3,WBT
1993,QT93,139,7,WBT
1993,QT93,140,8,WBT
1993,QT93,141,7,WBT
1993,QT93,142,8,WBT
1993,QT93,143,2,WBT
1993,QT93,144,9,WBT
1993,QT93,145,5,WBT
1993,QT93,146,3,WBT
1993,QT93,147,4,WBT
1993,QT93,148,2,WBT
1993,QT93,149,5,WBT
1993,QT93,151,2,WBT
1993,QT93,152,2,WBT
1993,QT93,153,3,WBT
1993,QT93,154,1,WBT
1993,QT93,155,2,WBT
1993,QT93,156,2,WBT
1993,QT93,157,1,WBT
1993,QT93,162,1,WBT
1994,QO95,80,1,BSSC
1994,QO95,83,1,BSSC
1994,QO95,85,2,BSSC
1994,QO95,87,2,BSSC
1994,QO95,89,1,BSSC
1994,QO95,91,6,BSSC
1994,QO95,92,6,BSSC
1994,QO95,93,7,BSSC
1994,QO95,94,9,BSSC
1994,QO95,95,12,BSSC
1994,QO95,96,10,BSSC
1994,QO95,97,8,BSSC
1994,QO95,98,18,BSSC
1994,QO95,99,18,BSSC
1994,QO95,100,15,BSSC
1994,QO95,101,18,BSSC
1994,QO95,102,19,BSSC
1994,QO95,103,24,BSSC
1994,QO95,104,29,BSSC
1994,QO95,105,32,BSSC
1994,QO95,106,24,BSSC
1994,QO95,107,26,BSSC
1994,QO95,108,33,BSSC
1994,QO95,109,26,BSSC
1994,QO95,110,41,BSSC
1994,QO95,111,20,BSSC
1994,QO95,112,29,BSSC
1994,QO95,113,26,BSSC
1994,QO95,114,28,BSSC
1994,QO95,115,36,BSSC
1994,QO95,116,35,BSSC
1994,QO95,117,28,BSSC
1994,QO95,118,31,BSSC
1994,QO95,119,23,BSSC
1994,QO95,120,28,BSSC
1994,QO95,121,41,BSSC
1994,QO95,122,22,BSSC
1994,QO95,123,31,BSSC
1994,QO95,124,27,BSSC
1994,QO95,125,18,BSSC
1994,QO95,126,13,BSSC
1994,QO95,127,11,BSSC
1994,QO95,128,17,BSSC
1994,QO95,129,13,BSSC
1994,QO95,130,16,BSSC
1994,QO95,131,10,BSSC
1994,QO95,132,8,BSSC
1994,QO95,133,3,BSSC
1994,QO95,134,3,BSSC
1994,QO95,135,8,BSSC
1994,QO95,136,6,BSSC
1994,QO95,137,6,BSSC
1994,QO95,138,4,BSSC
1994,QO95,139,1,BSSC
1994,QO95,141,2,BSSC
1994,QO95,143,1,BSSC
1994,QO95,152,1,BSSC
1994,QT94,118,1,WBT
1994,QT94,136,1,WBT
1994,QT94,137,2,WBT
1994,QT94,138,2,WBT
1994,QT94,139,2,WBT
1994,QT94,141,1,WBT
1994,QT94,142,4,WBT
1994,QT94,143,3,WBT
1994,QT94,144,3,WBT
1994,QT94,145,2,WBT
1994,QT94,146,1,WBT
1994,QT94,147,1,WBT
1994,QT94,148,1,WBT
1994,QT94,149,1,WBT
1995,QO96,75,1,BSSC
1995,QO96,78,2,BSSC
1995,QO96,79,1,BSSC
1995,QO96,80,4,BSSC
1995,QO96,81,3,BSSC
1995,QO96,82,3,BSSC
1995,QO96,83,2,BSSC
1995,QO96,84,5,BSSC
1995,QO96,85,9,BSSC
1995,QO96,86,9,BSSC
1995,QO96,87,3,BSSC
1995,QO96,88,13,BSSC
1995,QO96,89,8,BSSC
1995,QO96,90,15,BSSC
1995,QO96,91,35,BSSC
1995,QO96,92,53,BSSC
1995,QO96,93,65,BSSC
1995,QO96,94,66,BSSC
1995,QO96,95,100,BSSC
1995,QO96,96,120,BSSC
1995,QO96,97,257,BSSC
1995,QO96,98,236,BSSC
1995,QO96,99,239,BSSC
1995,QO96,100,300,BSSC
1995,QO96,101,265,BSSC
1995,QO96,102,402,BSSC
1995,QO96,103,411,BSSC
1995,QO96,104,389,BSSC
1995,QO96,105,289,BSSC
1995,QO96,106,310,BSSC
1995,QO96,107,418,BSSC
1995,QO96,108,452,BSSC
1995,QO96,109,263,BSSC
1995,QO96,110,305,BSSC
1995,QO96,111,290,BSSC
1995,QO96,112,335,BSSC
1995,QO96,113,319,BSSC
1995,QO96,114,285,BSSC
1995,QO96,115,256,BSSC
1995,QO96,116,232,BSSC
1995,QO96,117,231,BSSC
1995,QO96,118,219,BSSC
1995,QO96,119,166,BSSC
1995,QO96,120,135,BSSC
1995,QO96,121,130,BSSC
1995,QO96,122,123,BSSC
1995,QO96,123,131,BSSC
1995,QO96,124,103,BSSC
1995,QO96,125,72,BSSC
1995,QO96,126,63,BSSC
1995,QO96,127,48,BSSC
1995,QO96,128,48,BSSC
1995,QO96,129,33,BSSC
1995,QO96,130,31,BSSC
1995,QO96,131,25,BSSC
1995,QO96,132,26,BSSC
1995,QO96,133,16,BSSC
1995,QO96,134,9,BSSC
1995,QO96,135,13,BSSC
1995,QO96,136,15,BSSC
1995,QO96,137,5,BSSC
1995,QO96,138,11,BSSC
1995,QO96,139,4,BSSC
1995,QO96,140,9,BSSC
1995,QO96,141,5,BSSC
1995,QO96,142,3,BSSC
1995,QO96,143,1,BSSC
1995,QO96,145,2,BSSC
1995,QO96,146,2,BSSC
1995,QO96,147,1,BSSC
1995,QO96,151,1,BSSC
1996,QO97,72,1,BSSC
1996,QO97,74,1,BSSC
1996,QO97,75,1,BSSC
1996,QO97,76,2,BSSC
1996,QO97,77,1,BSSC
1996,QO97,82,2,BSSC
1996,QO97,83,1,BSSC
1996,QO97,84,3,BSSC
1996,QO97,85,1,BSSC
1996,QO97,86,2,BSSC
1996,QO97,87,3,BSSC
1996,QO97,88,2,BSSC
1996,QO97,89,3,BSSC
1996,QO97,90,12,BSSC
1996,QO97,91,10,BSSC
1996,QO97,92,16,BSSC
1996,QO97,93,20,BSSC
1996,QO97,94,31,BSSC
1996,QO97,95,50,BSSC
1996,QO97,96,62,BSSC
1996,QO97,97,113,BSSC
1996,QO97,98,144,BSSC
1996,QO97,99,181,BSSC
1996,QO97,100,205,BSSC
1996,QO97,101,215,BSSC
1996,QO97,102,239,BSSC
1996,QO97,103,257,BSSC
1996,QO97,104,207,BSSC
1996,QO97,105,234,BSSC
1996,QO97,106,209,BSSC
1996,QO97,107,223,BSSC
1996,QO97,108,240,BSSC
1996,QO97,109,160,BSSC
1996,QO97,110,162,BSSC
1996,QO97,111,131,BSSC
1996,QO97,112,136,BSSC
1996,QO97,113,111,BSSC
1996,QO97,114,97,BSSC
1996,QO97,115,89,BSSC
1996,QO97,116,72,BSSC
1996,QO97,117,66,BSSC
1996,QO97,118,80,BSSC
1996,QO97,119,55,BSSC
1996,QO97,120,61,BSSC
1996,QO97,121,50,BSSC
1996,QO97,122,51,BSSC
1996,QO97,123,56,BSSC
1996,QO97,124,32,BSSC
1996,QO97,125,21,BSSC
1996,QO97,126,22,BSSC
1996,QO97,127,33,BSSC
1996,QO97,128,21,BSSC
1996,QO97,129,15,BSSC
1996,QO97,130,16,BSSC
1996,QO97,131,13,BSSC
1996,QO97,132,15,BSSC
1996,QO97,133,15,BSSC
1996,QO97,134,8,BSSC
1996,QO97,135,9,BSSC
1996,QO97,136,4,BSSC
1996,QO97,137,3,BSSC
1996,QO97,138,4,BSSC
1996,QO97,139,8,BSSC
1996,QO97,140,2,BSSC
1996,QO97,141,1,BSSC
1996,QO97,143,2,BSSC
1996,QO97,144,2,BSSC
1996,QO97,145,2,BSSC
1996,QO97,146,1,BSSC
1996,QO97,147,1,BSSC
1996,QO97,148,1,BSSC
1996,QO97,149,1,BSSC
1996,QO97,153,1,BSSC
1996,QO97,158,1,BSSC
1997,QO98,71,1,BSSC
1997,QO98,73,1,BSSC
1997,QO98,76,1,BSSC
1997,QO98,77,1,BSSC
1997,QO98,78,2,BSSC
1997,QO98,80,1,BSSC
1997,QO98,81,2,BSSC
1997,QO98,82,3,BSSC
1997,QO98,83,6,BSSC
1997,QO98,84,5,BSSC
1997,QO98,85,6,BSSC
1997,QO98,86,10,BSSC
1997,QO98,87,9,BSSC
1997,QO98,88,14,BSSC
1997,QO98,89,12,BSSC
1997,QO98,90,21,BSSC
1997,QO98,91,23,BSSC
1997,QO98,92,26,BSSC
1997,QO98,93,41,BSSC
1997,QO98,94,81,BSSC
1997,QO98,95,133,BSSC
1997,QO98,96,213,BSSC
1997,QO98,97,370,BSSC
1997,QO98,98,425,BSSC
1997,QO98,99,497,BSSC
1997,QO98,100,861,BSSC
1997,QO98,101,997,BSSC
1997,QO98,102,1357,BSSC
1997,QO98,103,1646,BSSC
1997,QO98,104,1723,BSSC
1997,QO98,105,1601,BSSC
1997,QO98,106,1813,BSSC
1997,QO98,107,1761,BSSC
1997,QO98,108,2167,BSSC
1997,QO98,109,1717,BSSC
1997,QO98,110,1868,BSSC
1997,QO98,111,1672,BSSC
1997,QO98,112,1639,BSSC
1997,QO98,113,1639,BSSC
1997,QO98,114,1395,BSSC
1997,QO98,115,1212,BSSC
1997,QO98,116,1150,BSSC
1997,QO98,117,1157,BSSC
1997,QO98,118,1088,BSSC
1997,QO98,119,712,BSSC
1997,QO98,120,738,BSSC
1997,QO98,121,617,BSSC
1997,QO98,122,517,BSSC
1997,QO98,123,531,BSSC
1997,QO98,124,373,BSSC
1997,QO98,125,304,BSSC
1997,QO98,126,310,BSSC
1997,QO98,127,227,BSSC
1997,QO98,128,228,BSSC
1997,QO98,129,113,BSSC
1997,QO98,130,138,BSSC
1997,QO98,131,98,BSSC
1997,QO98,132,90,BSSC
1997,QO98,133,57,BSSC
1997,QO98,134,51,BSSC
1997,QO98,135,37,BSSC
1997,QO98,136,36,BSSC
1997,QO98,137,17,BSSC
1997,QO98,138,11,BSSC
1997,QO98,139,9,BSSC
1997,QO98,140,5,BSSC
1997,QO98,141,3,BSSC
1997,QO98,142,6,BSSC
1997,QO98,143,4,BSSC
1997,QO98,144,3,BSSC
1997,QO98,145,1,BSSC
1997,QO98,147,1,BSSC
1997,QO98,148,1,BSSC
1997,QO98,154,1,BSSC
1998,QO99,70,1,BSSC
1998,QO99,73,1,BSSC
1998,QO99,75,1,BSSC
1998,QO99,76,1,BSSC
1998,QO99,78,2,BSSC
1998,QO99,79,3,BSSC
1998,QO99,80,4,BSSC
1998,QO99,81,4,BSSC
1998,QO99,82,5,BSSC
1998,QO99,83,1,BSSC
1998,QO99,84,3,BSSC
1998,QO99,85,5,BSSC
1998,QO99,86,6,BSSC
1998,QO99,87,8,BSSC
1998,QO99,88,16,BSSC
1998,QO99,89,16,BSSC
1998,QO99,90,41,BSSC
1998,QO99,91,29,BSSC
1998,QO99,92,55,BSSC
1998,QO99,93,82,BSSC
1998,QO99,94,113,BSSC
1998,QO99,95,141,BSSC
1998,QO99,96,178,BSSC
1998,QO99,97,391,BSSC
1998,QO99,98,431,BSSC
1998,QO99,99,425,BSSC
1998,QO99,100,856,BSSC
1998,QO99,101,833,BSSC
1998,QO99,102,1180,BSSC
1998,QO99,103,1434,BSSC
1998,QO99,104,1702,BSSC
1998,QO99,105,1708,BSSC
1998,QO99,106,1677,BSSC
1998,QO99,107,1925,BSSC
1998,QO99,108,2362,BSSC
1998,QO99,109,1705,BSSC
1998,QO99,110,2072,BSSC
1998,QO99,111,1621,BSSC
1998,QO99,112,1946,BSSC
1998,QO99,113,1887,BSSC
1998,QO99,114,1871,BSSC
1998,QO99,115,1676,BSSC
1998,QO99,116,1272,BSSC
1998,QO99,117,1517,BSSC
1998,QO99,118,1280,BSSC
1998,QO99,119,824,BSSC
1998,QO99,120,945,BSSC
1998,QO99,121,663,BSSC
1998,QO99,122,537,BSSC
1998,QO99,123,529,BSSC
1998,QO99,124,407,BSSC
1998,QO99,125,257,BSSC
1998,QO99,126,239,BSSC
1998,QO99,127,190,BSSC
1998,QO99,128,146,BSSC
1998,QO99,129,88,BSSC
1998,QO99,130,85,BSSC
1998,QO99,131,60,BSSC
1998,QO99,132,42,BSSC
1998,QO99,133,34,BSSC
1998,QO99,134,24,BSSC
1998,QO99,135,14,BSSC
1998,QO99,136,14,BSSC
1998,QO99,137,8,BSSC
1998,QO99,138,6,BSSC
1998,QO99,139,1,BSSC
1998,QO99,140,2,BSSC
1998,QO99,141,1,BSSC
1998,QO99,143,1,BSSC
1998,QO99,145,1,BSSC
1999,QO00,85,1,BSSC
1999,QO00,90,2,BSSC
1999,QO00,91,3,BSSC
1999,QO00,92,4,BSSC
1999,QO00,93,4,BSSC
1999,QO00,94,2,BSSC
1999,QO00,95,9,BSSC
1999,QO00,96,9,BSSC
1999,QO00,97,17,BSSC
1999,QO00,98,23,BSSC
1999,QO00,99,26,BSSC
1999,QO00,100,42,BSSC
1999,QO00,101,29,BSSC
1999,QO00,102,50,BSSC
1999,QO00,103,71,BSSC
1999,QO00,104,80,BSSC
1999,QO00,105,82,BSSC
1999,QO00,106,79,BSSC
1999,QO00,107,84,BSSC
1999,QO00,108,103,BSSC
1999,QO00,109,94,BSSC
1999,QO00,110,104,BSSC
1999,QO00,111,94,BSSC
1999,QO00,112,95,BSSC
1999,QO00,113,101,BSSC
1999,QO00,114,81,BSSC
1999,QO00,115,81,BSSC
1999,QO00,116,92,BSSC
1999,QO00,117,92,BSSC
1999,QO00,118,72,BSSC
1999,QO00,119,51,BSSC
1999,QO00,120,61,BSSC
1999,QO00,121,44,BSSC
1999,QO00,122,40,BSSC
1999,QO00,123,26,BSSC
1999,QO00,124,35,BSSC
1999,QO00,125,32,BSSC
1999,QO00,126,12,BSSC
1999,QO00,127,17,BSSC
1999,QO00,128,8,BSSC
1999,QO00,129,9,BSSC
1999,QO00,130,4,BSSC
1999,QO00,131,5,BSSC
1999,QO00,132,2,BSSC
1999,QO00,133,3,BSSC
1999,QO00,134,1,BSSC
1999,QO00,135,1,BSSC
1999,QO00,137,1,BSSC
1999,QO00,140,1,BSSC
2000,QO01,71,1,BSSC
2000,QO01,75,1,BSSC
2000,QO01,79,1,BSSC
2000,QO01,83,1,BSSC
2000,QO01,84,2,BSSC
2000,QO01,86,2,BSSC
2000,QO01,87,2,BSSC
2000,QO01,88,4,BSSC
2000,QO01,89,2,BSSC
2000,QO01,90,2,BSSC
2000,QO01,91,3,BSSC
2000,QO01,92,3,BSSC
2000,QO01,93,2,BSSC
2000,QO01,94,5,BSSC
2000,QO01,95,14,BSSC
2000,QO01,96,9,BSSC
2000,QO01,97,22,BSSC
2000,QO01,98,26,BSSC
2000,QO01,99,29,BSSC
2000,QO01,100,46,BSSC
2000,QO01,101,62,BSSC
2000,QO01,102,90,BSSC
2000,QO01,103,75,BSSC
2000,QO01,104,120,BSSC
2000,QO01,105,115,BSSC
2000,QO01,106,130,BSSC
2000,QO01,107,162,BSSC
2000,QO01,108,171,BSSC
2000,QO01,109,177,BSSC
2000,QO01,110,196,BSSC
2000,QO01,111,222,BSSC
2000,QO01,112,255,BSSC
2000,QO01,113,224,BSSC
2000,QO01,114,267,BSSC
2000,QO01,115,236,BSSC
2000,QO01,116,208,BSSC
2000,QO01,117,218,BSSC
2000,QO01,118,195,BSSC
2000,QO01,119,181,BSSC
2000,QO01,120,183,BSSC
2000,QO01,121,164,BSSC
2000,QO01,122,144,BSSC
2000,QO01,123,133,BSSC
2000,QO01,124,92,BSSC
2000,QO01,125,81,BSSC
2000,QO01,126,63,BSSC
2000,QO01,127,48,BSSC
2000,QO01,128,37,BSSC
2000,QO01,129,33,BSSC
2000,QO01,130,16,BSSC
2000,QO01,131,12,BSSC
2000,QO01,132,14,BSSC
2000,QO01,133,20,BSSC
2000,QO01,134,5,BSSC
2000,QO01,135,6,BSSC
2000,QO01,136,3,BSSC
2000,QO01,137,2,BSSC
2000,QO01,138,4,BSSC
2000,QO01,139,1,BSSC
2000,QO01,140,1,BSSC
2000,QO01,144,1,BSSC
2000,QO01,146,1,BSSC
2000,QO01,147,1,BSSC
2001,QO02,73,2,BSSC
2001,QO02,75,4,BSSC
2001,QO02,77,2,BSSC
2001,QO02,78,1,BSSC
2001,QO02,79,1,BSSC
2001,QO02,80,2,BSSC
2001,QO02,81,2,BSSC
2001,QO02,82,1,BSSC
2001,QO02,83,2,BSSC
2001,QO02,84,3,BSSC
2001,QO02,85,3,BSSC
2001,QO02,86,9,BSSC
2001,QO02,87,5,BSSC
2001,QO02,88,4,BSSC
2001,QO02,89,8,BSSC
2001,QO02,90,22,BSSC
2001,QO02,91,21,BSSC
2001,QO02,92,31,BSSC
2001,QO02,93,28,BSSC
2001,QO02,94,57,BSSC
2001,QO02,95,74,BSSC
2001,QO02,96,109,BSSC
2001,QO02,97,110,BSSC
2001,QO02,98,163,BSSC
2001,QO02,99,184,BSSC
2001,QO02,100,337,BSSC
2001,QO02,101,316,BSSC
2001,QO02,102,428,BSSC
2001,QO02,103,360,BSSC
2001,QO02,104,490,BSSC
2001,QO02,105,494,BSSC
2001,QO02,106,407,BSSC
2001,QO02,107,474,BSSC
2001,QO02,108,537,BSSC
2001,QO02,109,394,BSSC
2001,QO02,110,484,BSSC
2001,QO02,111,449,BSSC
2001,QO02,112,578,BSSC
2001,QO02,113,436,BSSC
2001,QO02,114,455,BSSC
2001,QO02,115,444,BSSC
2001,QO02,116,425,BSSC
2001,QO02,117,441,BSSC
2001,QO02,118,395,BSSC
2001,QO02,119,288,BSSC
2001,QO02,120,328,BSSC
2001,QO02,121,255,BSSC
2001,QO02,122,245,BSSC
2001,QO02,123,222,BSSC
2001,QO02,124,167,BSSC
2001,QO02,125,153,BSSC
2001,QO02,126,117,BSSC
2001,QO02,127,100,BSSC
2001,QO02,128,71,BSSC
2001,QO02,129,60,BSSC
2001,QO02,130,43,BSSC
2001,QO02,131,26,BSSC
2001,QO02,132,23,BSSC
2001,QO02,133,10,BSSC
2001,QO02,134,12,BSSC
2001,QO02,135,7,BSSC
2001,QO02,136,4,BSSC
2001,QO02,137,3,BSSC
2001,QO02,138,2,BSSC
2001,QO02,139,1,BSSC
2001,QO02,140,2,BSSC
2001,QO02,146,1,BSSC
2002,QO03,73,1,BSSC
2002,QO03,79,1,BSSC
2002,QO03,81,1,BSSC
2002,QO03,86,2,BSSC
2002,QO03,88,3,BSSC
2002,QO03,90,2,BSSC
2002,QO03,91,2,BSSC
2002,QO03,92,3,BSSC
2002,QO03,93,2,BSSC
2002,QO03,94,2,BSSC
2002,QO03,95,6,BSSC
2002,QO03,96,12,BSSC
2002,QO03,97,7,BSSC
2002,QO03,98,20,BSSC
2002,QO03,99,13,BSSC
2002,QO03,100,24,BSSC
2002,QO03,101,29,BSSC
2002,QO03,102,43,BSSC
2002,QO03,103,49,BSSC
2002,QO03,104,42,BSSC
2002,QO03,105,44,BSSC
2002,QO03,106,54,BSSC
2002,QO03,107,57,BSSC
2002,QO03,108,47,BSSC
2002,QO03,109,50,BSSC
2002,QO03,110,32,BSSC
2002,QO03,111,44,BSSC
2002,QO03,112,52,BSSC
2002,QO03,113,39,BSSC
2002,QO03,114,43,BSSC
2002,QO03,115,39,BSSC
2002,QO03,116,36,BSSC
2002,QO03,117,37,BSSC
2002,QO03,118,31,BSSC
2002,QO03,119,24,BSSC
2002,QO03,120,16,BSSC
2002,QO03,121,12,BSSC
2002,QO03,122,16,BSSC
2002,QO03,123,10,BSSC
2002,QO03,124,12,BSSC
2002,QO03,125,7,BSSC
2002,QO03,126,9,BSSC
2002,QO03,127,5,BSSC
2002,QO03,128,5,BSSC
2002,QO03,129,1,BSSC
2002,QO03,130,6,BSSC
2002,QO03,132,2,BSSC
2002,QO03,137,2,BSSC
2003,QO04,69,1,BSSC
2003,QO04,80,1,BSSC
2003,QO04,82,1,BSSC
2003,QO04,85,1,BSSC
2003,QO04,89,2,BSSC
2003,QO04,92,1,BSSC
2003,QO04,94,3,BSSC
2003,QO04,95,5,BSSC
2003,QO04,96,2,BSSC
2003,QO04,97,8,BSSC
2003,QO04,98,4,BSSC
2003,QO04,99,11,BSSC
2003,QO04,100,19,BSSC
2003,QO04,101,21,BSSC
2003,QO04,102,17,BSSC
2003,QO04,103,31,BSSC
2003,QO04,104,47,BSSC
2003,QO04,105,44,BSSC
2003,QO04,106,50,BSSC
2003,QO04,107,33,BSSC
2003,QO04,108,42,BSSC
2003,QO04,109,28,BSSC
2003,QO04,110,48,BSSC
2003,QO04,111,32,BSSC
2003,QO04,112,47,BSSC
2003,QO04,113,37,BSSC
2003,QO04,114,36,BSSC
2003,QO04,115,30,BSSC
2003,QO04,116,29,BSSC
2003,QO04,117,39,BSSC
2003,QO04,118,47,BSSC
2003,QO04,119,30,BSSC
2003,QO04,120,42,BSSC
2003,QO04,121,25,BSSC
2003,QO04,122,26,BSSC
2003,QO04,123,13,BSSC
2003,QO04,124,17,BSSC
2003,QO04,125,15,BSSC
2003,QO04,126,9,BSSC
2003,QO04,127,11,BSSC
2003,QO04,128,5,BSSC
2003,QO04,129,4,BSSC
2003,QO04,130,4,BSSC
2003,QO04,132,1,BSSC
2003,QO04,133,1,BSSC
2003,QO04,134,2,BSSC
2003,QO04,140,1,BSSC
2004,QO05o,90,1,BSSC
2004,QO05o,92,1,BSSC
2004,QO05o,94,1,BSSC
2004,QO05o,95,1,BSSC
2004,QO05o,96,1,BSSC
2004,QO05o,97,2,BSSC
2004,QO05o,98,4,BSSC
2004,QO05o,99,3,BSSC
2004,QO05o,100,4,BSSC
2004,QO05o,101,6,BSSC
2004,QO05o,102,8,BSSC
2004,QO05o,103,12,BSSC
2004,QO05o,104,4,BSSC
2004,QO05o,105,8,BSSC
2004,QO05o,106,4,BSSC
2004,QO05o,107,9,BSSC
2004,QO05o,108,15,BSSC
2004,QO05o,109,5,BSSC
2004,QO05o,110,13,BSSC
2004,QO05o,111,12,BSSC
2004,QO05o,112,13,BSSC
2004,QO05o,113,20,BSSC
2004,QO05o,114,10,BSSC
2004,QO05o,115,16,BSSC
2004,QO05o,116,11,BSSC
2004,QO05o,117,17,BSSC
2004,QO05o,118,12,BSSC
2004,QO05o,119,14,BSSC
2004,QO05o,120,12,BSSC
2004,QO05o,121,9,BSSC
2004,QO05o,122,16,BSSC
2004,QO05o,123,10,BSSC
2004,QO05o,124,10,BSSC
2004,QO05o,125,8,BSSC
2004,QO05o,126,1,BSSC
2004,QO05o,127,4,BSSC
2004,QO05o,128,4,BSSC
2004,QO05o,129,2,BSSC
2004,QO05o,130,2,BSSC
2004,QO05o,131,1,BSSC
2004,QO05o,132,3,BSSC
2005,QO05r,80,1,BSSC
2005,QO05r,82,1,BSSC
2005,QO05r,94,2,BSSC
2005,QO05r,96,2,BSSC
2005,QO05r,97,3,BSSC
2005,QO05r,98,6,BSSC
2005,QO05r,99,7,BSSC
2005,QO05r,100,5,BSSC
2005,QO05r,101,11,BSSC
2005,QO05r,102,7,BSSC
2005,QO05r,103,7,BSSC
2005,QO05r,104,26,BSSC
2005,QO05r,105,36,BSSC
2005,QO05r,106,39,BSSC
2005,QO05r,107,38,BSSC
2005,QO05r,108,38,BSSC
2005,QO05r,109,46,BSSC
2005,QO05r,110,58,BSSC
2005,QO05r,111,79,BSSC
2005,QO05r,112,62,BSSC
2005,QO05r,113,62,BSSC
2005,QO05r,114,77,BSSC
2005,QO05r,115,75,BSSC
2005,QO05r,116,96,BSSC
2005,QO05r,117,80,BSSC
2005,QO05r,118,95,BSSC
2005,QO05r,119,82,BSSC
2005,QO05r,120,74,BSSC
2005,QO05r,121,68,BSSC
2005,QO05r,122,72,BSSC
2005,QO05r,123,78,BSSC
2005,QO05r,124,72,BSSC
2005,QO05r,125,61,BSSC
2005,QO05r,126,44,BSSC
2005,QO05r,127,60,BSSC
2005,QO05r,128,26,BSSC
2005,QO05r,129,38,BSSC
2005,QO05r,130,34,BSSC
2005,QO05r,131,19,BSSC
2005,QO05r,132,15,BSSC
2005,QO05r,133,14,BSSC
2005,QO05r,134,15,BSSC
2005,QO05r,135,7,BSSC
2005,QO05r,136,5,BSSC
2005,QO05r,137,5,BSSC
2005,QO05r,141,2,BSSC
2005,QO05r,144,2,BSSC
2005,QT05,115,2,WBT
2005,QT05,116,1,WBT
2005,QT05,118,1,WBT
2005,QT05,120,2,WBT
2005,QT05,121,2,WBT
2005,QT05,122,3,WBT
2005,QT05,124,1,WBT
2005,QT05,125,3,WBT
2005,QT05,126,2,WBT
2005,QT05,127,1,WBT
2005,QT05,128,4,WBT
2005,QT05,130,2,WBT
2005,QT05,131,1,WBT
2005,QT05,132,3,WBT
2005,QT05,133,1,WBT
2005,QT05,134,2,WBT
2006,QO06,91,1,BSSC
2006,QO06,92,1,BSSC
2006,QO06,96,1,BSSC
2006,QO06,97,2,BSSC
2006,QO06,99,1,BSSC
2006,QO06,100,5,BSSC
2006,QO06,101,8,BSSC
2006,QO06,102,10,BSSC
2006,QO06,103,25,BSSC
2006,QO06,104,20,BSSC
2006,QO06,105,24,BSSC
2006,QO06,106,18,BSSC
2006,QO06,107,22,BSSC
2006,QO06,108,26,BSSC
2006,QO06,109,12,BSSC
2006,QO06,110,23,BSSC
2006,QO06,111,24,BSSC
2006,QO06,112,23,BSSC
2006,QO06,113,16,BSSC
2006,QO06,114,13,BSSC
2006,QO06,115,13,BSSC
2006,QO06,116,11,BSSC
2006,QO06,117,16,BSSC
2006,QO06,118,14,BSSC
2006,QO06,119,5,BSSC
2006,QO06,120,10,BSSC
2006,QO06,121,11,BSSC
2006,QO06,122,5,BSSC
2006,QO06,123,5,BSSC
2006,QO06,124,9,BSSC
2006,QO06,125,8,BSSC
2006,QO06,126,4,BSSC
2006,QO06,127,5,BSSC
2006,QO06,128,5,BSSC
2006,QO06,129,3,BSSC
2006,QO06,130,2,BSSC
2006,QO06,131,4,BSSC
2006,QO06,133,1,BSSC
2006,QO06,134,1,BSSC
2006,QO06,135,1,BSSC
2006,QO06,137,1,BSSC
2006,TT06,144,1,EBT
2007,QO07,96,1,BSSC
2007,QO07,97,1,BSSC
2007,QO07,98,4,BSSC
2007,QO07,99,7,BSSC
2007,QO07,100,16,BSSC
2007,QO07,101,18,BSSC
2007,QO07,102,40,BSSC
2007,QO07,103,37,BSSC
2007,QO07,104,51,BSSC
2007,QO07,105,49,BSSC
2007,QO07,106,44,BSSC
2007,QO07,107,60,BSSC
2007,QO07,108,61,BSSC
2007,QO07,109,48,BSSC
2007,QO07,110,54,BSSC
2007,QO07,111,48,BSSC
2007,QO07,112,43,BSSC
2007,QO07,113,34,BSSC
2007,QO07,114,31,BSSC
2007,QO07,115,35,BSSC
2007,QO07,116,20,BSSC
2007,QO07,117,38,BSSC
2007,QO07,118,30,BSSC
2007,QO07,119,27,BSSC
2007,QO07,120,20,BSSC
2007,QO07,121,20,BSSC
2007,QO07,122,30,BSSC
2007,QO07,123,13,BSSC
2007,QO07,124,9,BSSC
2007,QO07,125,9,BSSC
2007,QO07,126,6,BSSC
2007,QO07,127,7,BSSC
2007,QO07,128,6,BSSC
2007,QO07,129,3,BSSC
2007,QO07,130,3,BSSC
2007,QO07,132,2,BSSC
2007,QO07,133,2,BSSC
2007,QO07,134,1,BSSC
2007,QO07,138,1,BSSC
2007,QO07,141,1,BSSC
2008,QO08,97,1,BSSC
2008,QO08,100,4,BSSC
2008,QO08,101,6,BSSC
2008,QO08,102,1,BSSC
2008,QO08,103,4,BSSC
2008,QO08,104,11,BSSC
2008,QO08,105,11,BSSC
2008,QO08,106,15,BSSC
2008,QO08,107,8,BSSC
2008,QO08,108,13,BSSC
2008,QO08,109,14,BSSC
2008,QO08,110,22,BSSC
2008,QO08,111,19,BSSC
2008,QO08,112,17,BSSC
2008,QO08,113,18,BSSC
2008,QO08,114,17,BSSC
2008,QO08,115,20,BSSC
2008,QO08,116,18,BSSC
2008,QO08,117,14,BSSC
2008,QO08,118,14,BSSC
2008,QO08,119,16,BSSC
2008,QO08,120,16,BSSC
2008,QO08,121,11,BSSC
2008,QO08,122,11,BSSC
2008,QO08,123,14,BSSC
2008,QO08,124,13,BSSC
2008,QO08,125,18,BSSC
2008,QO08,126,14,BSSC
2008,QO08,127,9,BSSC
2008,QO08,128,5,BSSC
2008,QO08,129,9,BSSC
2008,QO08,130,5,BSSC
2008,QO08,131,3,BSSC
2008,QO08,132,5,BSSC
2008,QO08,133,4,BSSC
2008,QO08,134,1,BSSC
2008,QO08,135,4,BSSC
2008,QO08,138,1,BSSC
2009,QO09,101,2,BSSC
2009,QO09,102,3,BSSC
2009,QO09,103,2,BSSC
2009,QO09,105,7,BSSC
2009,QO09,106,3,BSSC
2009,QO09,107,6,BSSC
2009,QO09,108,4,BSSC
2009,QO09,109,5,BSSC
2009,QO09,110,8,BSSC
2009,QO09,111,6,BSSC
2009,QO09,112,6,BSSC
2009,QO09,113,8,BSSC
2009,QO09,114,3,BSSC
2009,QO09,115,5,BSSC
2009,QO09,116,8,BSSC
2009,QO09,117,8,BSSC
2009,QO09,118,4,BSSC
2009,QO09,119,9,BSSC
2009,QO09,120,10,BSSC
2009,QO09,121,8,BSSC
2009,QO09,122,20,BSSC
2009,QO09,123,7,BSSC
2009,QO09,124,8,BSSC
2009,QO09,125,9,BSSC
2009,QO09,126,6,BSSC
2009,QO09,127,4,BSSC
2009,QO09,128,5,BSSC
2009,QO09,129,7,BSSC
2009,QO09,130,7,BSSC
2009,QO09,131,6,BSSC
2009,QO09,132,10,BSSC
2009,QO09,134,4,BSSC
2009,QO09,135,3,BSSC
2009,QO09,138,2,BSSC
2009,QO09,139,1,BSSC
2009,QO09,140,3,BSSC
2009,QO09,145,1,BSSC
2009,QO09,146,1,BSSC
2010,QO10,92,1,BSSC
2010,QO10,99,2,BSSC
2010,QO10,101,1,BSSC
2010,QO10,102,2,BSSC
2010,QO10,105,3,BSSC
2010,QO10,106,2,BSSC
2010,QO10,107,2,BSSC
2010,QO10,108,3,BSSC
2010,QO10,109,8,BSSC
2010,QO10,110,8,BSSC
2010,QO10,111,6,BSSC
2010,QO10,112,12,BSSC
2010,QO10,113,6,BSSC
2010,QO10,114,16,BSSC
2010,QO10,115,7,BSSC
2010,QO10,116,18,BSSC
2010,QO10,117,14,BSSC
2010,QO10,118,13,BSSC
2010,QO10,119,9,BSSC
2010,QO10,120,22,BSSC
2010,QO10,121,18,BSSC
2010,QO10,122,24,BSSC
2010,QO10,123,14,BSSC
2010,QO10,124,14,BSSC
2010,QO10,125,11,BSSC
2010,QO10,126,6,BSSC
2010,QO10,127,8,BSSC
2010,QO10,128,9,BSSC
2010,QO10,129,11,BSSC
2010,QO10,130,12,BSSC
2010,QO10,131,4,BSSC
2010,QO10,132,10,BSSC
2010,QO10,133,3,BSSC
2010,QO10,134,3,BSSC
2010,QO10,135,5,BSSC
2010,QO10,136,3,BSSC
2010,QO10,137,1,BSSC
2010,QO10,138,6,BSSC
2010,QO10,139,1,BSSC
2010,QO10,141,1,BSSC
2010,QO10,142,1,BSSC
2010,QO10,151,1,BSSC
2011,QO11,106,2,BSSC
2011,QO11,107,2,BSSC
2011,QO11,108,1,BSSC
2011,QO11,109,1,BSSC
2011,QO11,110,3,BSSC
2011,QO11,111,2,BSSC
2011,QO11,112,1,BSSC
2011,QO11,113,2,BSSC
2011,QO11,114,2,BSSC
2011,QO11,115,4,BSSC
2011,QO11,116,5,BSSC
2011,QO11,117,8,BSSC
2011,QO11,118,7,BSSC
2011,QO11,119,3,BSSC
2011,QO11,120,14,BSSC
2011,QO11,121,9,BSSC
2011,QO11,122,9,BSSC
2011,QO11,123,9,BSSC
2011,QO11,124,10,BSSC
2011,QO11,125,8,BSSC
2011,QO11,126,11,BSSC
2011,QO11,127,10,BSSC
2011,QO11,128,7,BSSC
2011,QO11,129,10,BSSC
2011,QO11,130,9,BSSC
2011,QO11,131,10,BSSC
2011,QO11,132,7,BSSC
2011,QO11,133,7,BSSC
2011,QO11,134,6,BSSC
2011,QO11,135,6,BSSC
2011,QO11,136,2,BSSC
2011,QO11,137,2,BSSC
2011,QO11,138,5,BSSC
2011,QO11,139,1,BSSC
2011,QO11,140,1,BSSC
2011,QO11,142,3,BSSC
2011,QO11,144,2,BSSC
2011,QO11,146,1,BSSC
2012,QO12,96,1,BSSC
2012,QO12,99,4,BSSC
2012,QO12,100,4,BSSC
2012,QO12,101,3,BSSC
2012,QO12,102,7,BSSC
2012,QO12,103,5,BSSC
2012,QO12,104,10,BSSC
2012,QO12,105,14,BSSC
2012,QO12,106,6,BSSC
2012,QO12,107,13,BSSC
2012,QO12,108,11,BSSC
2012,QO12,109,13,BSSC
2012,QO12,110,16,BSSC
2012,QO12,111,15,BSSC
2012,QO12,112,15,BSSC
2012,QO12,113,14,BSSC
2012,QO12,114,15,BSSC
2012,QO12,115,16,BSSC
2012,QO12,116,23,BSSC
2012,QO12,117,28,BSSC
2012,QO12,118,37,BSSC
2012,QO12,119,26,BSSC
2012,QO12,120,26,BSSC
2012,QO12,121,26,BSSC
2012,QO12,122,32,BSSC
2012,QO12,123,36,BSSC
2012,QO12,124,27,BSSC
2012,QO12,125,18,BSSC
2012,QO12,126,12,BSSC
2012,QO12,127,24,BSSC
2012,QO12,128,17,BSSC
2012,QO12,129,10,BSSC
2012,QO12,130,13,BSSC
2012,QO12,131,8,BSSC
2012,QO12,132,12,BSSC
2012,QO12,133,8,BSSC
2012,QO12,134,7,BSSC
2012,QO12,135,10,BSSC
2012,QO12,136,4,BSSC
2012,QO12,137,3,BSSC
2012,QO12,138,5,BSSC
2012,QO12,139,2,BSSC
2012,QO12,140,1,BSSC
2012,QO12,141,3,BSSC
2012,QO12,142,1,BSSC
2012,QO12,146,1,BSSC
2013,QO13,100,1,BSSC
2013,QO13,101,1,BSSC
2013,QO13,102,2,BSSC
2013,QO13,103,3,BSSC
2013,QO13,104,3,BSSC
2013,QO13,105,3,BSSC
2013,QO13,106,3,BSSC
2013,QO13,107,4,BSSC
2013,QO13,108,6,BSSC
2013,QO13,109,5,BSSC
2013,QO13,110,4,BSSC
2013,QO13,111,8,BSSC
2013,QO13,112,7,BSSC
2013,QO13,113,10,BSSC
2013,QO13,114,13,BSSC
2013,QO13,115,5,BSSC
2013,QO13,116,9,BSSC
2013,QO13,117,10,BSSC
2013,QO13,118,13,BSSC
2013,QO13,119,8,BSSC
2013,QO13,120,6,BSSC
2013,QO13,121,10,BSSC
2013,QO13,122,15,BSSC
2013,QO13,123,8,BSSC
2013,QO13,124,11,BSSC
2013,QO13,125,13,BSSC
2013,QO13,126,5,BSSC
2013,QO13,127,9,BSSC
2013,QO13,128,8,BSSC
2013,QO13,129,7,BSSC
2013,QO13,130,6,BSSC
2013,QO13,131,7,BSSC
2013,QO13,132,10,BSSC
2013,QO13,133,2,BSSC
2013,QO13,134,2,BSSC
2013,QO13,135,3,BSSC
2013,QO13,136,3,BSSC
2013,QT13,123,1,WBT
2013,QT13,124,2,WBT
2013,QT13,125,2,WBT
2013,QT13,127,2,WBT
2013,QT13,129,4,WBT
2013,QT13,130,1,WBT
2013,QT13,131,1,WBT
2013,QT13,134,1,WBT
2013,QT13,137,1,WBT
2013,QT13,141,1,WBT
2014,QO14,95,1,BSSC
2014,QO14,96,1,BSSC
2014,QO14,97,1,BSSC
2014,QO14,98,3,BSSC
2014,QO14,99,4,BSSC
2014,QO14,100,17,BSSC
2014,QO14,101,5,BSSC
2014,QO14,102,8,BSSC
2014,QO14,103,17,BSSC
2014,QO14,104,20,BSSC
2014,QO14,105,14,BSSC
2014,QO14,106,17,BSSC
2014,QO14,107,28,BSSC
2014,QO14,108,29,BSSC
2014,QO14,109,26,BSSC
2014,QO14,110,37,BSSC
2014,QO14,111,45,BSSC
2014,QO14,112,42,BSSC
2014,QO14,113,37,BSSC
2014,QO14,114,42,BSSC
2014,QO14,115,44,BSSC
2014,QO14,116,39,BSSC
2014,QO14,117,35,BSSC
2014,QO14,118,56,BSSC
2014,QO14,119,42,BSSC
2014,QO14,120,61,BSSC
2014,QO14,121,41,BSSC
2014,QO14,122,47,BSSC
2014,QO14,123,41,BSSC
2014,QO14,124,37,BSSC
2014,QO14,125,42,BSSC
2014,QO14,126,32,BSSC
2014,QO14,127,31,BSSC
2014,QO14,128,27,BSSC
2014,QO14,129,21,BSSC
2014,QO14,130,23,BSSC
2014,QO14,131,18,BSSC
2014,QO14,132,20,BSSC
2014,QO14,133,14,BSSC
2014,QO14,134,10,BSSC
2014,QO14,135,3,BSSC
2014,QO14,136,6,BSSC
2014,QO14,137,6,BSSC
2014,QO14,138,4,BSSC
2014,QO14,139,4,BSSC
2014,QO14,142,3,BSSC
2014,QO14,143,1,BSSC
2014,QO14,144,1,BSSC
2014,QT14,104,1,WBT
2014,QT14,119,1,WBT
2014,QT14,120,1,WBT
2014,QT14,121,2,WBT
2014,QT14,122,3,WBT
2014,QT14,123,3,WBT
2014,QT14,124,7,WBT
2014,QT14,125,9,WBT
2014,QT14,126,7,WBT
2014,QT14,127,11,WBT
2014,QT14,128,10,WBT
2014,QT14,129,7,WBT
2014,QT14,130,9,WBT
2014,QT14,131,10,WBT
2014,QT14,132,9,WBT
2014,QT14,133,2,WBT
2014,QT14,134,3,WBT
2014,QT14,135,6,WBT
2014,QT14,136,2,WBT
2014,QT14,137,2,WBT
2014,QT14,138,3,WBT
2014,QT14,139,2,WBT
2014,QT14,140,1,WBT
2014,QT14,141,1,WBT
2014,TT14,126,2,EBT
2014,TT14,131,1,EBT
2014,TT14,135,3,EBT
2015,QO15,100,2,BSSC
2015,QO15,101,2,BSSC
2015,QO15,102,1,BSSC
2015,QO15,103,5,BSSC
2015,QO15,104,1,BSSC
2015,QO15,105,4,BSSC
2015,QO15,106,3,BSSC
2015,QO15,107,4,BSSC
2015,QO15,108,11,BSSC
2015,QO15,109,8,BSSC
2015,QO15,110,11,BSSC
2015,QO15,111,19,BSSC
2015,QO15,112,9,BSSC
2015,QO15,113,15,BSSC
2015,QO15,114,18,BSSC
2015,QO15,115,26,BSSC
2015,QO15,116,23,BSSC
2015,QO15,117,29,BSSC
2015,QO15,118,24,BSSC
2015,QO15,119,35,BSSC
2015,QO15,120,42,BSSC
2015,QO15,121,46,BSSC
2015,QO15,122,39,BSSC
2015,QO15,123,38,BSSC
2015,QO15,124,38,BSSC
2015,QO15,125,42,BSSC
2015,QO15,126,46,BSSC
2015,QO15,127,36,BSSC
2015,QO15,128,37,BSSC
2015,QO15,129,29,BSSC
2015,QO15,130,27,BSSC
2015,QO15,131,28,BSSC
2015,QO15,132,21,BSSC
2015,QO15,133,15,BSSC
2015,QO15,134,16,BSSC
2015,QO15,135,6,BSSC
2015,QO15,136,5,BSSC
2015,QO15,137,5,BSSC
2015,QO15,138,7,BSSC
2015,QO15,139,2,BSSC
2015,QO15,140,2,BSSC
2015,QO15,141,5,BSSC
2015,QO15,142,1,BSSC
2015,QO15,143,1,BSSC
2015,QO15,144,2,BSSC
2015,QT15,105,1,WBT
2015,QT15,113,1,WBT
2015,QT15,117,1,WBT
2015,QT15,119,3,WBT
2015,QT15,120,4,WBT
2015,QT15,121,7,WBT
2015,QT15,122,7,WBT
2015,QT15,123,7,WBT
2015,QT15,124,12,WBT
2015,QT15,125,27,WBT
2015,QT15,126,17,WBT
2015,QT15,127,20,WBT
2015,QT15,128,17,WBT
2015,QT15,129,28,WBT
2015,QT15,130,21,WBT
2015,QT15,131,21,WBT
2015,QT15,132,22,WBT
2015,QT15,133,20,WBT
2015,QT15,134,16,WBT
2015,QT15,135,12,WBT
2015,QT15,136,9,WBT
2015,QT15,137,4,WBT
2015,QT15,138,8,WBT
2015,QT15,139,3,WBT
2015,QT15,140,3,WBT
2015,QT15,141,4,WBT
2015,QT15,142,3,WBT
2015,QT15,143,2,WBT
2015,QT15,144,2,WBT
2015,QT15,146,1,WBT
2015,QT15,148,1,WBT
2015,TT15,116,1,EBT
2015,TT15,118,1,EBT
2015,TT15,122,2,EBT
2015,TT15,123,1,EBT
2015,TT15,124,9,EBT
2015,TT15,125,2,EBT
2015,TT15,126,4,EBT
2015,TT15,127,10,EBT
2015,TT15,128,11,EBT
2015,TT15,129,6,EBT
2015,TT15,130,10,EBT
2015,TT15,131,7,EBT
2015,TT15,132,11,EBT
2015,TT15,133,3,EBT
2015,TT15,134,6,EBT
2015,TT15,135,6,EBT
2015,TT15,136,2,EBT
2015,TT15,137,6,EBT
2015,TT15,138,3,EBT
2015,TT15,139,2,EBT
2015,TT15,140,1,EBT
2015,TT15,142,2,EBT
2015,TT15,143,1,EBT
2015,TT15,145,1,EBT
2015,TT15,147,1,EBT
2015,TT15,151,1,EBT
2015,TT15,153,1,EBT
2016,QO16,99,2,BSSC
2016,QO16,100,1,BSSC
2016,QO16,101,3,BSSC
2016,QO16,102,8,BSSC
2016,QO16,103,12,BSSC
2016,QO16,104,7,BSSC
2016,QO16,105,5,BSSC
2016,QO16,106,11,BSSC
2016,QO16,107,10,BSSC
2016,QO16,108,10,BSSC
2016,QO16,109,9,BSSC
2016,QO16,110,17,BSSC
2016,QO16,111,21,BSSC
2016,QO16,112,18,BSSC
2016,QO16,113,22,BSSC
2016,QO16,114,27,BSSC
2016,QO16,115,29,BSSC
2016,QO16,116,23,BSSC
2016,QO16,117,23,BSSC
2016,QO16,118,40,BSSC
2016,QO16,119,40,BSSC
2016,QO16,120,36,BSSC
2016,QO16,121,36,BSSC
2016,QO16,122,34,BSSC
2016,QO16,123,36,BSSC
2016,QO16,124,34,BSSC
2016,QO16,125,39,BSSC
2016,QO16,126,28,BSSC
2016,QO16,127,42,BSSC
2016,QO16,128,22,BSSC
2016,QO16,129,27,BSSC
2016,QO16,130,23,BSSC
2016,QO16,131,16,BSSC
2016,QO16,132,14,BSSC
2016,QO16,133,14,BSSC
2016,QO16,134,8,BSSC
2016,QO16,135,7,BSSC
2016,QO16,136,5,BSSC
2016,QO16,137,3,BSSC
2016,QO16,138,4,BSSC
2016,QO16,139,6,BSSC
2016,QO16,140,2,BSSC
2016,QO16,141,1,BSSC
2016,QO16,142,3,BSSC
2016,QO16,143,1,BSSC
2016,QO16,145,1,BSSC
2016,QO16,148,1,BSSC
2016,QO16,212,1,BSSC
2017,QO17,92,1,BSSC
2017,QO17,96,2,BSSC
2017,QO17,97,4,BSSC
2017,QO17,98,5,BSSC
2017,QO17,99,4,BSSC
2017,QO17,100,10,BSSC
2017,QO17,101,19,BSSC
2017,QO17,102,19,BSSC
2017,QO17,103,32,BSSC
2017,QO17,104,34,BSSC
2017,QO17,105,27,BSSC
2017,QO17,106,39,BSSC
2017,QO17,107,29,BSSC
2017,QO17,108,34,BSSC
2017,QO17,109,34,BSSC
2017,QO17,110,32,BSSC
2017,QO17,111,46,BSSC
2017,QO17,112,41,BSSC
2017,QO17,113,49,BSSC
2017,QO17,114,41,BSSC
2017,QO17,115,61,BSSC
2017,QO17,116,52,BSSC
2017,QO17,117,57,BSSC
2017,QO17,118,52,BSSC
2017,QO17,119,66,BSSC
2017,QO17,120,42,BSSC
2017,QO17,121,53,BSSC
2017,QO17,122,57,BSSC
2017,QO17,123,55,BSSC
2017,QO17,124,52,BSSC
2017,QO17,125,33,BSSC
2017,QO17,126,39,BSSC
2017,QO17,127,22,BSSC
2017,QO17,128,42,BSSC
2017,QO17,129,30,BSSC
2017,QO17,130,30,BSSC
2017,QO17,131,17,BSSC
2017,QO17,132,26,BSSC
2017,QO17,133,21,BSSC
2017,QO17,134,13,BSSC
2017,QO17,135,6,BSSC
2017,QO17,136,7,BSSC
2017,QO17,137,1,BSSC
2017,QO17,138,6,BSSC
2017,QO17,139,7,BSSC
2017,QO17,140,6,BSSC
2017,QO17,141,3,BSSC
2017,QO17,142,4,BSSC
2017,QO17,144,1,BSSC
2017,QO17,145,2,BSSC
2017,QO17,146,2,BSSC
2017,QO17,147,2,BSSC
2017,QT17,110,1,WBT
2017,QT17,119,1,WBT
2017,QT17,120,1,WBT
2017,QT17,122,1,WBT
2017,QT17,123,1,WBT
2017,QT17,124,1,WBT
2017,QT17,125,2,WBT
2017,QT17,126,6,WBT
2017,QT17,127,1,WBT
2017,QT17,128,3,WBT
2017,QT17,129,4,WBT
2017,QT17,130,3,WBT
2017,QT17,131,3,WBT
2017,QT17,132,6,WBT
2017,QT17,133,1,WBT
2017,QT17,134,1,WBT
2017,QT17,135,1,WBT
2017,QT17,136,1,WBT
2017,QT17,137,3,WBT
2017,QT17,141,1,WBT
2017,QT17,150,1,WBT
2018,QO18,95,1,BSSC
2018,QO18,96,1,BSSC
2018,QO18,98,1,BSSC
2018,QO18,99,3,BSSC
2018,QO18,102,2,BSSC
2018,QO18,103,4,BSSC
2018,QO18,104,7,BSSC
2018,QO18,105,5,BSSC
2018,QO18,106,3,BSSC
2018,QO18,107,5,BSSC
2018,QO18,108,12,BSSC
2018,QO18,109,11,BSSC
2018,QO18,110,10,BSSC
2018,QO18,111,12,BSSC
2018,QO18,112,15,BSSC
2018,QO18,113,17,BSSC
2018,QO18,114,22,BSSC
2018,QO18,115,26,BSSC
2018,QO18,116,19,BSSC
2018,QO18,117,20,BSSC
2018,QO18,118,20,BSSC
2018,QO18,119,32,BSSC
2018,QO18,120,16,BSSC
2018,QO18,121,19,BSSC
2018,QO18,122,23,BSSC
2018,QO18,123,21,BSSC
2018,QO18,124,23,BSSC
2018,QO18,125,21,BSSC
2018,QO18,126,17,BSSC
2018,QO18,127,9,BSSC
2018,QO18,128,16,BSSC
2018,QO18,129,8,BSSC
2018,QO18,130,7,BSSC
2018,QO18,131,12,BSSC
2018,QO18,132,5,BSSC
2018,QO18,133,5,BSSC
2018,QO18,134,5,BSSC
2018,QO18,135,4,BSSC
2018,QO18,136,2,BSSC
2018,QO18,137,2,BSSC
2018,QO18,138,3,BSSC
2018,QO18,139,4,BSSC
2018,QO18,141,1,BSSC
2018,QT18,118,1,WBT
2018,QT18,120,1,WBT
2018,QT18,122,4,WBT
2018,QT18,123,1,WBT
2018,QT18,124,6,WBT
2018,QT18,125,8,WBT
2018,QT18,126,9,WBT
2018,QT18,127,7,WBT
2018,QT18,128,15,WBT
2018,QT18,129,4,WBT
2018,QT18,130,9,WBT
2018,QT18,131,3,WBT
2018,QT18,132,4,WBT
2018,QT18,133,2,WBT
2018,QT18,134,5,WBT
2018,QT18,135,5,WBT
2018,QT18,136,7,WBT
2018,QT18,137,1,WBT
2018,QT18,138,1,WBT
2018,QT18,139,3,WBT
2018,QT18,140,1,WBT
2018,QT18,143,2,WBT
2018,QT18,144,2,WBT
2018,QT18,145,1,WBT
2018,QT18,152,1,WBT
2018,QT18,156,1,WBT
2018,QT18,159,1,WBT
2019,QO19,95,1,BSSC
2019,QO19,98,2,BSSC
2019,QO19,99,2,BSSC
2019,QO19,100,5,BSSC
2019,QO19,101,5,BSSC
2019,QO19,102,3,BSSC
2019,QO19,103,7,BSSC
2019,QO19,104,23,BSSC
2019,QO19,105,21,BSSC
2019,QO19,106,18,BSSC
2019,QO19,107,22,BSSC
2019,QO19,108,25,BSSC
2019,QO19,109,30,BSSC
2019,QO19,110,35,BSSC
2019,QO19,111,24,BSSC
2019,QO19,112,51,BSSC
2019,QO19,113,42,BSSC
2019,QO19,114,38,BSSC
2019,QO19,115,35,BSSC
2019,QO19,116,46,BSSC
2019,QO19,117,46,BSSC
2019,QO19,118,46,BSSC
2019,QO19,119,33,BSSC
2019,QO19,120,32,BSSC
2019,QO19,121,36,BSSC
2019,QO19,122,40,BSSC
2019,QO19,123,36,BSSC
2019,QO19,124,19,BSSC
2019,QO19,125,24,BSSC
2019,QO19,126,19,BSSC
2019,QO19,127,17,BSSC
2019,QO19,128,13,BSSC
2019,QO19,129,9,BSSC
2019,QO19,130,8,BSSC
2019,QO19,131,4,BSSC
2019,QO19,132,4,BSSC
2019,QO19,133,5,BSSC
2019,QO19,134,2,BSSC
2019,QO19,135,3,BSSC
2019,QO19,136,3,BSSC
2019,QO19,137,2,BSSC
2019,QO19,139,1,BSSC
2019,QO19,145,1,BSSC
2020,QO20,98,4,BSSC
2020,QO20,99,1,BSSC
2020,QO20,100,1,BSSC
2020,QO20,101,4,BSSC
2020,QO20,102,5,BSSC
2020,QO20,103,4,BSSC
2020,QO20,104,2,BSSC
2020,QO20,105,5,BSSC
2020,QO20,106,2,BSSC
2020,QO20,107,6,BSSC
2020,QO20,108,10,BSSC
2020,QO20,109,8,BSSC
2020,QO20,110,7,BSSC
2020,QO20,111,5,BSSC
2020,QO20,112,9,BSSC
2020,QO20,113,11,BSSC
2020,QO20,114,6,BSSC
2020,QO20,115,7,BSSC
2020,QO20,116,7,BSSC
2020,QO20,117,12,BSSC
2020,QO20,118,10,BSSC
2020,QO20,119,8,BSSC
2020,QO20,120,11,BSSC
2020,QO20,121,4,BSSC
2020,QO20,122,6,BSSC
2020,QO20,123,3,BSSC
2020,QO20,124,3,BSSC
2020,QO20,125,9,BSSC
2020,QO20,126,4,BSSC
2020,QO20,127,9,BSSC
2020,QO20,128,6,BSSC
2020,QO20,129,2,BSSC
2020,QO20,130,2,BSSC
2020,QO20,131,1,BSSC
2020,QO20,132,2,BSSC
2020,QO20,133,1,BSSC
2020,QO20,134,1,BSSC
2020,QT20,118,1,WBT
2020,QT20,120,5,WBT
2020,QT20,121,5,WBT
2020,QT20,122,5,WBT
2020,QT20,123,12,WBT
2020,QT20,124,10,WBT
2020,QT20,125,14,WBT
2020,QT20,126,17,WBT
2020,QT20,127,13,WBT
2020,QT20,128,16,WBT
2020,QT20,129,9,WBT
2020,QT20,130,16,WBT
2020,QT20,131,13,WBT
2020,QT20,132,7,WBT
2020,QT20,133,8,WBT
2020,QT20,134,4,WBT
2020,QT20,135,4,WBT
2020,QT20,136,5,WBT
2020,QT20,137,5,WBT
2020,QT20,138,2,WBT
2020,QT20,139,3,WBT
2020,QT20,140,2,WBT
2020,QT20,141,3,WBT
2020,QT20,142,1,WBT
2020,QT20,143,1,WBT
2020,QT20,145,1,WBT
2020,QT20,146,1,WBT
2020,QT20,152,1,WBT
2021,QO21,104,1,BSSC
2021,QO21,105,1,BSSC
2021,QO21,109,1,BSSC
2021,QO21,110,2,BSSC
2021,QO21,111,3,BSSC
2021,QO21,112,5,BSSC
2021,QO21,114,2,BSSC
2021,QO21,115,2,BSSC
2021,QO21,116,2,BSSC
2021,QO21,117,1,BSSC
2021,QO21,120,2,BSSC
2021,QO21,121,2,BSSC
2021,QO21,125,1,BSSC
2021,QO21,127,1,BSSC
2021,QO21,130,2,BSSC
2021,QT21,112,1,WBT
2021,QT21,114,2,WBT
2021,QT21,115,1,WBT
2021,QT21,117,6,WBT
2021,QT21,119,6,WBT
2021,QT21,120,3,WBT
2021,QT21,121,8,WBT
2021,QT21,122,5,WBT
2021,QT21,123,2,WBT
2021,QT21,124,3,WBT
2021,QT21,125,4,WBT
2021,QT21,126,4,WBT
2021,QT21,127,3,WBT
2021,QT21,128,3,WBT
2021,QT21,129,2,WBT
2021,QT21,130,1,WBT
2021,QT21,131,1,WBT
2021,QT21,132,2,WBT
2022,QT22,103,1,WBT
2022,QT22,121,1,WBT
2022,QT22,122,2,WBT
2022,QT22,123,1,WBT
2022,QT22,124,1,WBT
2022,QT22,125,1,WBT
2022,QT22,126,1,WBT
2022,QT22,130,4,WBT
2022,QT22,131,2,WBT
2022,QT22,134,1,WBT
2022,TT22,121,1,EBT
2022,TT22,123,1,EBT
2022,TT22,124,1,EBT
2022,TT22,125,2,EBT
2022,TT22,126,1,EBT
2022,TT22,128,1,EBT
2022,TT22,130,1,EBT
2022,TT22,131,2,EBT
2022,TT22,132,1,EBT
2023,QT23,119,1,WBT
2023,QT23,122,1,WBT
2023,QT23,124,1,WBT
2023,QT23,125,2,WBT
2023,QT23,126,2,WBT
2023,QT23,128,1,WBT
2023,QT23,130,1,WBT
2023,QT23,131,1,WBT
2023,QT23,132,3,WBT
2023,QT23,133,1,WBT
2023,QT23,135,1,WBT
2023,QT23,137,1,WBT
2023,QT23,142,1,WBT
2023,QT23,143,1,WBT
2023,TT23,129,1,EBT
2024,QO24,105,1,BSSC
2024,QO24,107,1,BSSC
2024,QO24,108,1,BSSC
2024,QO24,109,2,BSSC
2024,QO24,110,2,BSSC
2024,QO24,111,4,BSSC
2024,QO24,112,2,BSSC
2024,QO24,113,1,BSSC
2024,QO24,114,4,BSSC
2024,QO24,115,2,BSSC
2024,QO24,117,5,BSSC
2024,QO24,119,7,BSSC
2024,QO24,122,1,BSSC
2024,QO24,123,1,BSSC
2024,QO24,124,2,BSSC
2024,QO24,125,2,BSSC
2024,QO24,126,1,BSSC
2024,QO24,127,1,BSSC
2024,QO24,128,1,BSSC
2024,QO24,129,1,BSSC
2024,QO24,130,4,BSSC
2024,QO24,131,3,BSSC
2024,QO24,133,4,BSSC
2024,QO24,134,2,BSSC
2024,QO24,135,2,BSSC
2024,QO24,136,1,BSSC
2024,QO24,140,1,BSSC
2024,QO24,141,2,BSSC
2024,QT24,117,1,WBT
2024,QT24,118,1,WBT
2024,QT24,122,2,WBT
2024,QT24,123,1,WBT
2024,QT24,124,4,WBT
2024,QT24,125,1,WBT
2024,QT24,126,1,WBT
2024,QT24,127,3,WBT
2024,QT24,128,5,WBT
2024,QT24,129,2,WBT
2024,QT24,130,4,WBT
2024,QT24,131,3,WBT
2024,QT24,132,3,WBT
2024,QT24,133,2,WBT
2024,QT24,134,2,WBT
2024,QT24,135,2,WBT
2024,QT24,136,3,WBT
2024,QT24,137,5,WBT
2024,QT24,138,1,WBT
2024,QT24,139,1,WBT
2024,QT24,140,2,WBT
2024,QT24,141,2,WBT
2024,QT24,142,3,WBT
2024,TT24,127,1,EBT
2024,TT24,129,1,EBT
2024,TT24,139,1,EBT
2024,TT24,141,1,EBT
2024,TT24,143,1,EBT
